{"type":"FeatureCollection","features":[{"type":"Feature","properties":{"highway":"service","tiger:cfcc":"A41","tiger:county":"Jefferson, AR","tiger:reviewed":"no","unsigned_ref":"AR 935","osmId":"way/12828216","kind":"road"},"geometry":{"type":"LineString","coordinates":[[-92.017547,34.245874],[-92.017391,34.245856],[-92.017273,34.245885],[-92.017166,34.245956],[-92.017021,34.246057],[-92.016942,34.246122],[-92.016872,34.246147],[-92.016803,34.246155],[-92.016748,34.24615],[-92.016678,34.246124],[-92.016459,34.245989],[-92.016369,34.245938],[-92.016264,34.245888],[-92.016164,34.245858],[-92.015919,34.245819],[-92.015613,34.24579],[-92.015381,34.245767]]}},{"type":"Feature","properties":{"highway":"service","oneway":"no","service":"parking_aisle","tiger:cfcc":"A41","tiger:county":"Jefferson, AR","tiger:reviewed":"no","osmId":"way/12830697","kind":"road"},"geometry":{"type":"LineString","coordinates":[[-92.023251,34.241841],[-92.023,34.241838],[-92.022833,34.241837],[-92.022662,34.241835]]}},{"type":"Feature","properties":{"highway":"service","tiger:cfcc":"A41","tiger:county":"Jefferson, AR","tiger:reviewed":"no","osmId":"way/12832205","kind":"road"},"geometry":{"type":"LineString","coordinates":[[-92.01752,34.246728],[-92.01764,34.246724],[-92.017696,34.246729],[-92.017723,34.246741],[-92.017742,34.246771],[-92.017736,34.246961],[-92.017726,34.247036],[-92.017691,34.247063],[-92.017509,34.24706]]}},{"type":"Feature","properties":{"highway":"residential","name":"McFadden Road","tiger:cfcc":"A41","tiger:county":"Jefferson, AR","tiger:name_base":"McFadden","tiger:name_type":"Rd","tiger:reviewed":"no","tiger:zip_left":"71601","tiger:zip_right":"71601","osmId":"way/12832421","kind":"road"},"geometry":{"type":"LineString","coordinates":[[-92.015468,34.25469],[-92.015933,34.255524],[-92.016352,34.256326],[-92.016568,34.256739],[-92.017052,34.257728],[-92.01763,34.258898],[-92.018049,34.259557],[-92.018373,34.260078],[-92.018531,34.260331],[-92.018912,34.260955],[-92.019349,34.261751],[-92.019416,34.261964],[-92.019481,34.262216],[-92.019535,34.263046],[-92.019597,34.26394],[-92.019605,34.263996],[-92.01968,34.264495],[-92.019828,34.264857],[-92.019996,34.265208],[-92.020227,34.265553],[-92.020587,34.265968],[-92.021511,34.266892],[-92.021791,34.267186],[-92.022344,34.267697],[-92.022454,34.267787],[-92.022625,34.267913],[-92.023205,34.26832],[-92.023722,34.26864],[-92.024613,34.269203],[-92.025386,34.269718],[-92.025536,34.269846],[-92.025822,34.27018],[-92.026087,34.270514],[-92.027484,34.272305],[-92.027698,34.272571],[-92.028438,34.273321],[-92.028881,34.273794],[-92.029225,34.274136],[-92.02957,34.27448],[-92.029931,34.27485],[-92.030555,34.275527],[-92.030642,34.275632],[-92.030895,34.275937],[-92.032002,34.277441],[-92.032403,34.277936],[-92.032785,34.278335],[-92.033316,34.278847],[-92.033419,34.27897],[-92.033492,34.279061],[-92.033568,34.27917],[-92.033588,34.279229],[-92.033617,34.279314],[-92.033641,34.279422],[-92.033657,34.279663],[-92.033653,34.280272],[-92.033641,34.28128],[-92.033615,34.282362],[-92.033569,34.285829],[-92.033561,34.286044],[-92.033534,34.286785],[-92.033447,34.289642],[-92.033436,34.290014],[-92.033382,34.291808],[-92.033367,34.292293],[-92.03347,34.292436],[-92.033591,34.292604],[-92.033839,34.292794],[-92.03431,34.293097],[-92.035755,34.294013],[-92.036385,34.29442],[-92.036935,34.294659],[-92.038026,34.294857],[-92.038798,34.29496],[-92.03939,34.295045],[-92.039745,34.295204],[-92.040092,34.295368],[-92.04028,34.295474],[-92.040364,34.295522],[-92.040537,34.295648],[-92.040654,34.295732],[-92.040994,34.295966],[-92.041399,34.296368],[-92.04201,34.29705],[-92.042269,34.297446],[-92.042341,34.29763],[-92.042345,34.297641],[-92.042371,34.297707],[-92.042491,34.298012],[-92.042567,34.298207],[-92.042749,34.298797],[-92.042745,34.299091],[-92.042745,34.299112],[-92.042223,34.299377]]}},{"type":"Feature","properties":{"fixme:tigerking":"bad geometry","highway":"tertiary","name":"Oliver Road","surface":"asphalt","tiger:reviewed":"no","osmId":"way/12832482","kind":"road"},"geometry":{"type":"LineString","coordinates":[[-92.02337,34.252219],[-92.0229,34.252166],[-92.022857,34.252158],[-92.022547,34.25211],[-92.021279,34.251887],[-92.021157,34.251858],[-92.021076,34.25184],[-92.020429,34.251685],[-92.01955,34.25153],[-92.019044,34.251467],[-92.018583,34.251428],[-92.017572,34.251358]]}},{"type":"Feature","properties":{"highway":"residential","name":"Oliver Road","tiger:cfcc":"A41","tiger:county":"Jefferson, AR","tiger:name_base":"Oliver","tiger:name_type":"Rd","tiger:reviewed":"no","tiger:zip_left":"71601","tiger:zip_right":"71601","osmId":"way/12832485","kind":"road"},"geometry":{"type":"LineString","coordinates":[[-92.026953,34.252166],[-92.026923,34.252721],[-92.026908,34.253012],[-92.026887,34.2534],[-92.026789,34.253491],[-92.026651,34.253507],[-92.026128,34.253499]]}},{"type":"Feature","properties":{"highway":"residential","name":"Oliver Road","tiger:cfcc":"A41","tiger:county":"Jefferson, AR","tiger:name_base":"Oliver","tiger:name_type":"Rd","tiger:reviewed":"no","tiger:zip_left":"71601","tiger:zip_right":"71601","osmId":"way/12832486","kind":"road"},"geometry":{"type":"LineString","coordinates":[[-92.026128,34.253499],[-92.025906,34.254095],[-92.025845,34.254164]]}},{"type":"Feature","properties":{"highway":"residential","name":"Eastwood Court","tiger:cfcc":"A41","tiger:county":"Jefferson, AR","tiger:name_base":"Eastwood","tiger:name_type":"Ct","tiger:reviewed":"no","tiger:zip_left":"71601","tiger:zip_right":"71601","osmId":"way/12832626","kind":"road"},"geometry":{"type":"LineString","coordinates":[[-92.01955,34.25153],[-92.019611,34.250998],[-92.019582,34.250511]]}},{"type":"Feature","properties":{"highway":"residential","name":"Gilbert Street","osmId":"way/12832835","kind":"road"},"geometry":{"type":"LineString","coordinates":[[-92.025718,34.247201],[-92.027761,34.24721]]}},{"type":"Feature","properties":{"highway":"tertiary","name":"North Spruce Street","tiger:cfcc":"A41","tiger:county":"Jefferson, AR","tiger:name_base":"Spruce","tiger:name_direction_prefix":"N","tiger:name_type":"St","tiger:reviewed":"no","tiger:zip_left":"71601","tiger:zip_right":"71601","osmId":"way/12832975","kind":"road"},"geometry":{"type":"LineString","coordinates":[[-92.023427,34.23075],[-92.023431,34.23179],[-92.023429,34.231828],[-92.023413,34.23289],[-92.023396,34.233947],[-92.023381,34.234967],[-92.023363,34.236017],[-92.02335,34.236761],[-92.023342,34.237231],[-92.023326,34.238315],[-92.023304,34.239376],[-92.023291,34.240416],[-92.02328,34.240816],[-92.023251,34.241841],[-92.02323,34.242472],[-92.023219,34.242826],[-92.023209,34.243435],[-92.023205,34.243662],[-92.023204,34.243801],[-92.023203,34.243947],[-92.023201,34.244137],[-92.023229,34.244397],[-92.023238,34.24448],[-92.023266,34.244561],[-92.023291,34.244633],[-92.023418,34.244997],[-92.023443,34.245249],[-92.02344,34.245531],[-92.023432,34.246313],[-92.023429,34.246582],[-92.023425,34.246921],[-92.023423,34.247046],[-92.023416,34.247385],[-92.023415,34.247441],[-92.023408,34.247805],[-92.023407,34.24792],[-92.023404,34.248161],[-92.023403,34.248306],[-92.023381,34.248713],[-92.02339,34.24989],[-92.023368,34.25136]]}},{"type":"Feature","properties":{"highway":"residential","name":"North Short Cedar Street","tiger:cfcc":"A41","tiger:county":"Jefferson, AR","tiger:name_base":"Short Cedar","tiger:name_direction_prefix":"N","tiger:name_type":"St","tiger:reviewed":"no","tiger:zip_left":"71601","tiger:zip_right":"71601","osmId":"way/12833175","kind":"road"},"geometry":{"type":"LineString","coordinates":[[-92.01967,34.238292],[-92.019624,34.239305],[-92.01962,34.240335]]}},{"type":"Feature","properties":{"highway":"residential","name":"Short Reeker Street","tiger:cfcc":"A41","tiger:county":"Jefferson, AR","tiger:name_base":"Short Reeker","tiger:name_type":"St","tiger:reviewed":"no","tiger:zip_left":"71601","tiger:zip_right":"71601","osmId":"way/12833717","kind":"road"},"geometry":{"type":"LineString","coordinates":[[-92.029636,34.240441],[-92.02995,34.24057],[-92.030508,34.240711],[-92.031689,34.240732],[-92.032031,34.240742],[-92.032516,34.240755],[-92.032803,34.240779],[-92.033644,34.240787],[-92.033719,34.240775],[-92.033844,34.240755],[-92.034086,34.240716],[-92.034316,34.240521],[-92.034427,34.240414],[-92.034538,34.240307]]}},{"type":"Feature","properties":{"highway":"residential","name":"Short Reeker Street","tiger:cfcc":"A41","tiger:county":"Jefferson, AR","tiger:name_base":"Short Reeker","tiger:name_type":"St","tiger:reviewed":"no","tiger:zip_left":"71601","tiger:zip_right":"71601","osmId":"way/12833718","kind":"road"},"geometry":{"type":"LineString","coordinates":[[-92.024625,34.241699],[-92.025786,34.241709]]}},{"type":"Feature","properties":{"highway":"residential","name":"Short Reeker Street","tiger:cfcc":"A41","tiger:county":"Jefferson, AR","tiger:name_base":"Short Reeker","tiger:name_type":"St","tiger:reviewed":"no","tiger:zip_left":"71601","tiger:zip_right":"71601","osmId":"way/12833720","kind":"road"},"geometry":{"type":"LineString","coordinates":[[-92.0258,34.240977],[-92.026279,34.240982],[-92.02668,34.240978],[-92.027264,34.240971]]}},{"type":"Feature","properties":{"highway":"residential","name":"North Plum Street","tiger:cfcc":"A41","tiger:county":"Jefferson, AR","tiger:name_base":"Plum","tiger:name_direction_prefix":"N","tiger:name_type":"St","tiger:reviewed":"no","tiger:zip_left":"71601","tiger:zip_right":"71601","osmId":"way/12833774","kind":"road"},"geometry":{"type":"LineString","coordinates":[[-92.018485,34.232819],[-92.018474,34.233854],[-92.018455,34.23484],[-92.018453,34.234914],[-92.018411,34.235957],[-92.018393,34.236755]]}},{"type":"Feature","properties":{"highway":"residential","name":"Austin","tiger:cfcc":"A41","tiger:county":"Jefferson, AR","tiger:name_base":"Austin","tiger:reviewed":"no","tiger:separated":"no","tiger:source":"tiger_import_dch_v0.6_20070809","tiger:tlid":"2564910","tiger:upload_uuid":"bulk_upload.pl-061d5866-7c56-430b-8d2d-e0f854a13e55","tiger:zip_left":"71601","tiger:zip_right":"71601","osmId":"way/12833850","kind":"road"},"geometry":{"type":"LineString","coordinates":[[-92.02577,34.243405],[-92.024803,34.243374]]}},{"type":"Feature","properties":{"highway":"residential","name":"North Birch Street","tiger:cfcc":"A41","tiger:county":"Jefferson, AR","tiger:name_base":"Birch","tiger:name_direction_prefix":"N","tiger:name_type":"St","tiger:reviewed":"no","tiger:zip_left":"71601","osmId":"way/12833996","kind":"road"},"geometry":{"type":"LineString","coordinates":[[-92.037182,34.251644],[-92.036272,34.251631],[-92.036045,34.251618],[-92.035804,34.251565],[-92.03568,34.251512],[-92.03517,34.251508],[-92.035033,34.251433],[-92.034929,34.251437],[-92.034846,34.251465],[-92.034688,34.251476],[-92.034578,34.251446],[-92.034482,34.251405],[-92.034459,34.249778],[-92.034497,34.248867],[-92.034531,34.248298],[-92.034656,34.245574],[-92.034665,34.244724],[-92.034711,34.24263],[-92.034684,34.241568],[-92.034573,34.240966],[-92.034538,34.240307],[-92.034651,34.239398],[-92.034618,34.239157],[-92.034594,34.238633],[-92.034652,34.238291],[-92.034759,34.237661],[-92.034856,34.237576]]}},{"type":"Feature","properties":{"highway":"residential","name":"Reeker Street","tiger:cfcc":"A41","tiger:county":"Jefferson, AR","tiger:name_base":"Reeker","tiger:name_type":"St","tiger:reviewed":"no","tiger:zip_left":"71601","tiger:zip_right":"71601","osmId":"way/12834280","kind":"road"},"geometry":{"type":"LineString","coordinates":[[-92.018589,34.240335],[-92.019021,34.240329],[-92.0192,34.240341],[-92.01962,34.240335],[-92.020592,34.240347],[-92.021313,34.240358],[-92.021648,34.240364],[-92.022301,34.240376],[-92.023291,34.240416],[-92.024281,34.240423],[-92.025297,34.240446],[-92.025763,34.240473],[-92.02628,34.24047],[-92.027271,34.240492],[-92.027907,34.2405]]}},{"type":"Feature","properties":{"highway":"residential","name":"North Magnolia","tiger:cfcc":"A41","tiger:county":"Jefferson, AR","tiger:name_base":"Magnolia","tiger:name_direction_prefix":"N","tiger:reviewed":"no","tiger:zip_left":"71601","tiger:zip_right":"71601","osmId":"way/12835010","kind":"road"},"geometry":{"type":"LineString","coordinates":[[-92.023403,34.248306],[-92.025502,34.24834],[-92.025624,34.2483],[-92.025686,34.248194]]}},{"type":"Feature","properties":{"highway":"tertiary","name":"Watson Boulevard South","tiger:cfcc":"A41","tiger:county":"Jefferson, AR","tiger:name_base":"Watson","tiger:name_type":"Blvd","tiger:reviewed":"no","tiger:zip_left":"71601","tiger:zip_left_1":"71601","tiger:zip_left_2":"71601","tiger:zip_left_3":"71601","tiger:zip_right":"71601","tiger:zip_right_1":"71601","tiger:zip_right_3":"71601","osmId":"way/12835018","kind":"road"},"geometry":{"type":"LineString","coordinates":[[-92.017778,34.244553],[-92.019401,34.244597],[-92.019486,34.244599],[-92.020518,34.244602],[-92.021031,34.244617],[-92.021812,34.244628],[-92.022173,34.244633],[-92.02245,34.244579],[-92.022737,34.244476],[-92.023229,34.244397]]}},{"type":"Feature","properties":{"highway":"residential","name":"Jean Street","tiger:cfcc":"A41","tiger:county":"Jefferson, AR","tiger:name_base":"Jean","tiger:name_type":"St","tiger:reviewed":"no","tiger:zip_left":"71601","tiger:zip_right":"71601","osmId":"way/12835141","kind":"road"},"geometry":{"type":"LineString","coordinates":[[-92.02568,34.247858],[-92.027564,34.247913],[-92.027721,34.247863]]}},{"type":"Feature","properties":{"highway":"residential","name":"Cash Street","tiger:cfcc":"A41","tiger:county":"Jefferson, AR","tiger:name_base":"Cash","tiger:name_type":"St","tiger:reviewed":"no","tiger:zip_left":"71601","tiger:zip_right":"71601","osmId":"way/12835261","kind":"road"},"geometry":{"type":"LineString","coordinates":[[-92.02134,34.248721],[-92.021651,34.248725],[-92.022536,34.24872],[-92.022782,34.248718],[-92.023127,34.248715],[-92.023381,34.248713]]}},{"type":"Feature","properties":{"highway":"residential","name":"Woodbin Drive","tiger:cfcc":"A41","tiger:county":"Jefferson, AR","tiger:name_base":"Woodbin","tiger:name_type":"Dr","tiger:reviewed":"no","tiger:zip_left":"71601","tiger:zip_right":"71601","osmId":"way/12835345","kind":"road"},"geometry":{"type":"LineString","coordinates":[[-92.022891,34.251353],[-92.023368,34.25136]]}},{"type":"Feature","properties":{"fixme:tigerking":"bad geometry","highway":"residential","name":"West Havis Street","surface":"paved","tiger:reviewed":"no","osmId":"way/12835729","kind":"road"},"geometry":{"type":"LineString","coordinates":[[-92.020022,34.237142],[-92.020686,34.237175],[-92.020786,34.237175],[-92.021386,34.237188],[-92.022377,34.237189],[-92.023342,34.237231],[-92.024375,34.237256],[-92.024798,34.237262],[-92.025369,34.237275],[-92.02589,34.237283],[-92.026329,34.2373],[-92.026916,34.237302],[-92.027326,34.23731],[-92.028084,34.237327]]}},{"type":"Feature","properties":{"highway":"residential","name":"Collegiate Circle","tiger:cfcc":"A41","tiger:county":"Jefferson, AR","tiger:name_base":"Collegiate","tiger:name_type":"Cir","tiger:reviewed":"no","tiger:zip_left":"71601","tiger:zip_right":"71601","osmId":"way/12836166","kind":"road"},"geometry":{"type":"LineString","coordinates":[[-92.018762,34.246815],[-92.019376,34.246823],[-92.019444,34.246824],[-92.019811,34.246834],[-92.01997,34.2468],[-92.020186,34.24665],[-92.020376,34.246453],[-92.020437,34.246335],[-92.020427,34.246159]]}},{"type":"Feature","properties":{"highway":"residential","name":"Woodlea Drive","tiger:cfcc":"A41","tiger:county":"Jefferson, AR","tiger:name_base":"Woodlea","tiger:name_type":"Dr","tiger:reviewed":"no","tiger:zip_left":"71601","tiger:zip_right":"71601","osmId":"way/12836219","kind":"road"},"geometry":{"type":"LineString","coordinates":[[-92.022641,34.250092],[-92.022927,34.249914],[-92.02339,34.24989]]}},{"type":"Feature","properties":{"highway":"tertiary","name":"Fluker Street","name_1":"West Fluker Avenue","tiger:cfcc":"A41","tiger:county":"Jefferson, AR","tiger:name_base":"Fluker","tiger:name_base_1":"Fluker","tiger:name_direction_prefix_1":"W","tiger:name_type":"St","tiger:name_type_1":"Ave","tiger:reviewed":"no","tiger:zip_left":"71601","tiger:zip_right":"71601","osmId":"way/12836270","kind":"road"},"geometry":{"type":"LineString","coordinates":[[-92.018604,34.239298],[-92.019274,34.239304],[-92.019624,34.239305],[-92.020633,34.239317],[-92.021322,34.239334],[-92.02231,34.239359],[-92.023304,34.239376],[-92.024308,34.239383],[-92.025294,34.239396],[-92.026286,34.239401],[-92.027288,34.239447],[-92.028076,34.239436],[-92.028409,34.239417],[-92.028471,34.239393],[-92.028531,34.23937],[-92.028906,34.23911],[-92.029084,34.239004],[-92.029282,34.238886],[-92.029399,34.238816],[-92.029546,34.238776],[-92.029719,34.238728]]}},{"type":"Feature","properties":{"highway":"residential","name":"College Manor Lane","tiger:cfcc":"A41","tiger:county":"Jefferson, AR","tiger:name_base":"College Manor","tiger:name_type":"Ln","tiger:reviewed":"no","tiger:zip_left":"71601","tiger:zip_right":"71601","osmId":"way/12836379","kind":"road"},"geometry":{"type":"LineString","coordinates":[[-92.018582,34.240577],[-92.017635,34.240558]]}},{"type":"Feature","properties":{"highway":"residential","name":"Townsend Park Drive","tiger:cfcc":"A41","tiger:county":"Jefferson, AR","tiger:name_base":"Townsend Park","tiger:name_type":"Dr","tiger:reviewed":"no","tiger:zip_left":"71601","osmId":"way/12836384","kind":"road"},"geometry":{"type":"LineString","coordinates":[[-92.032516,34.240755],[-92.032478,34.241488],[-92.032435,34.242901],[-92.032367,34.244533],[-92.032311,34.244653],[-92.032243,34.244731],[-92.032249,34.244747],[-92.032294,34.244871],[-92.032352,34.245515],[-92.032313,34.246147],[-92.032319,34.246288]]}},{"type":"Feature","properties":{"highway":"residential","name":"Townsend Park Drive","tiger:cfcc":"A41","tiger:county":"Jefferson, AR","tiger:name_base":"Townsend Park","tiger:name_type":"Dr","tiger:reviewed":"no","osmId":"way/12836385","kind":"road"},"geometry":{"type":"LineString","coordinates":[[-92.03254,34.23873],[-92.032558,34.238787],[-92.032384,34.239816],[-92.032168,34.240237],[-92.03213,34.240603],[-92.032031,34.240742]]}},{"type":"Feature","properties":{"highway":"residential","name":"Townsend Park Drive","tiger:cfcc":"A41","tiger:county":"Jefferson, AR","tiger:name_base":"Townsend Park","tiger:name_type":"Dr","tiger:reviewed":"no","tiger:zip_left":"71601","tiger:zip_right":"71601","osmId":"way/12836387","kind":"road"},"geometry":{"type":"LineString","coordinates":[[-92.034651,34.239398],[-92.033991,34.239982],[-92.033778,34.239992],[-92.033254,34.239942],[-92.032384,34.239816]]}},{"type":"Feature","properties":{"highway":"residential","name":"Short Willow Street","tiger:cfcc":"A41","tiger:county":"Jefferson, AR","tiger:name_base":"Short Willow","tiger:name_type":"St","tiger:reviewed":"no","tiger:zip_left":"71601","tiger:zip_right":"71601","osmId":"way/12836494","kind":"road"},"geometry":{"type":"LineString","coordinates":[[-92.027264,34.240971],[-92.027393,34.241002],[-92.027473,34.241053],[-92.027543,34.242786]]}},{"type":"Feature","properties":{"highway":"residential","name":"Short Willow Street","osmId":"way/12836495","kind":"road"},"geometry":{"type":"LineString","coordinates":[[-92.027326,34.23731],[-92.027317,34.238408],[-92.027288,34.239447],[-92.027271,34.240492],[-92.027264,34.240971]]}},{"type":"Feature","properties":{"fixme:tigerking":"check highway value","highway":"residential","name":"Carver Avenue","tiger:reviewed":"no","osmId":"way/12836645","kind":"road"},"geometry":{"type":"LineString","coordinates":[[-92.02203,34.246976],[-92.022245,34.246932],[-92.023425,34.246921]]}},{"type":"Feature","properties":{"highway":"residential","name":"North Magnolia Street","tiger:cfcc":"A41","tiger:county":"Jefferson, AR","tiger:name_base":"Magnolia","tiger:name_direction_prefix":"N","tiger:name_type":"St","tiger:reviewed":"no","tiger:zip_left":"71601","tiger:zip_right":"71601","osmId":"way/12836746","kind":"road"},"geometry":{"type":"LineString","coordinates":[[-92.025369,34.237275],[-92.025319,34.238367],[-92.025307,34.238875],[-92.025294,34.239396],[-92.025297,34.240446]]}},{"type":"Feature","properties":{"highway":"residential","name":"North Magnolia Street","tiger:cfcc":"A41","tiger:county":"Jefferson, AR","tiger:name_base":"Magnolia","tiger:name_direction_prefix":"N","tiger:name_type":"St","tiger:reviewed":"no","tiger:zip_left":"71601","tiger:zip_right":"71601","osmId":"way/12836750","kind":"road"},"geometry":{"type":"LineString","coordinates":[[-92.025949,34.234007],[-92.025932,34.234835],[-92.025915,34.235664],[-92.025906,34.236487],[-92.02589,34.237283]]}},{"type":"Feature","properties":{"highway":"residential","name":"North Magnolia Street","tiger:cfcc":"A41","tiger:county":"Jefferson, AR","tiger:name_base":"Magnolia","tiger:name_direction_prefix":"N","tiger:name_type":"St","tiger:reviewed":"no","tiger:zip_left":"71601","tiger:zip_right":"71601","osmId":"way/12836752","kind":"road"},"geometry":{"type":"LineString","coordinates":[[-92.025763,34.240473],[-92.0258,34.240977],[-92.025791,34.241635],[-92.025786,34.241709],[-92.025779,34.242771],[-92.02577,34.243405],[-92.025752,34.244605],[-92.025744,34.24523],[-92.025754,34.245886],[-92.025716,34.246586],[-92.025718,34.247201],[-92.02568,34.247858],[-92.025686,34.248194]]}},{"type":"Feature","properties":{"highway":"residential","name":"North Short Hazel","surface":"unpaved","tiger:cfcc":"A41","tiger:county":"Jefferson, AR","tiger:name_base":"Short Hazel","tiger:name_direction_prefix":"N","tiger:zip_left":"71601","osmId":"way/12836830","kind":"road"},"geometry":{"type":"LineString","coordinates":[[-92.024605,34.2421],[-92.024615,34.242843]]}},{"type":"Feature","properties":{"fixme:tigerking":"bad geometry","highway":"residential","name":"Roosevelt Street","tiger:reviewed":"no","osmId":"way/12836881","kind":"road"},"geometry":{"type":"LineString","coordinates":[[-92.025716,34.246586],[-92.027766,34.246666]]}},{"type":"Feature","properties":{"highway":"residential","name":"North Palm Street","tiger:cfcc":"A41","tiger:county":"Jefferson, AR","tiger:name_base":"Palm","tiger:name_direction_prefix":"N","tiger:name_type":"St","tiger:reviewed":"no","osmId":"way/12836895","kind":"road"},"geometry":{"type":"LineString","coordinates":[[-92.026329,34.2373],[-92.026309,34.238396],[-92.026286,34.239401],[-92.02628,34.24047],[-92.026279,34.240982]]}},{"type":"Feature","properties":{"highway":"residential","name":"North Palm Street","tiger:cfcc":"A41","tiger:county":"Jefferson, AR","tiger:name_base":"Palm","tiger:name_direction_prefix":"N","tiger:name_type":"St","tiger:reviewed":"no","tiger:zip_left":"71601","tiger:zip_right":"71601","osmId":"way/12836897","kind":"road"},"geometry":{"type":"LineString","coordinates":[[-92.027019,34.234029],[-92.026994,34.23484],[-92.026982,34.235667],[-92.026937,34.236495],[-92.026916,34.237302]]}},{"type":"Feature","properties":{"highway":"residential","name":"North Palm Street","tiger:cfcc":"A41","tiger:county":"Jefferson, AR","tiger:name_base":"Palm","tiger:name_direction_prefix":"N","tiger:name_type":"St","tiger:reviewed":"no","tiger:zip_left":"71601","tiger:zip_right":"71601","osmId":"way/12836899","kind":"road"},"geometry":{"type":"LineString","coordinates":[[-92.02668,34.240978],[-92.026661,34.242762],[-92.0266,34.244627]]}},{"type":"Feature","properties":{"highway":"residential","name":"Reed Street","name_1":"West Reed Avenue","tiger:cfcc":"A41","tiger:county":"Jefferson, AR","tiger:name_base":"Reed","tiger:name_base_1":"Reed","tiger:name_direction_prefix_1":"W","tiger:name_type":"St","tiger:name_type_1":"Ave","tiger:reviewed":"no","tiger:zip_left":"71601","tiger:zip_right":"71601","osmId":"way/12836911","kind":"road"},"geometry":{"type":"LineString","coordinates":[[-92.018631,34.238233],[-92.01967,34.238292],[-92.020654,34.238298]]}},{"type":"Feature","properties":{"highway":"residential","name":"Reed Street","name_1":"West Reed Avenue","osmId":"way/12836914","kind":"road"},"geometry":{"type":"LineString","coordinates":[[-92.020663,34.238234],[-92.021354,34.238267],[-92.022324,34.238297],[-92.023326,34.238315],[-92.024352,34.238344],[-92.025319,34.238367],[-92.025548,34.238374],[-92.026309,34.238396],[-92.027317,34.238408],[-92.028103,34.238431]]}},{"type":"Feature","properties":{"highway":"residential","name":"North Cypress Street","tiger:cfcc":"A41","tiger:county":"Jefferson, AR","tiger:name_base":"Cypress","tiger:name_direction_prefix":"N","tiger:name_type":"St","tiger:reviewed":"no","tiger:zip_left":"71601","tiger:zip_right":"71601","osmId":"way/12837375","kind":"road"},"geometry":{"type":"LineString","coordinates":[[-92.019486,34.244599],[-92.01951,34.244931],[-92.019503,34.245393],[-92.019457,34.24612]]}},{"type":"Feature","properties":{"highway":"residential","name":"North Cypress Street","tiger:cfcc":"A41","tiger:county":"Jefferson, AR","tiger:name_base":"Cypress","tiger:name_direction_prefix":"N","tiger:name_type":"St","tiger:reviewed":"no","tiger:zip_left":"71601","tiger:zip_right":"71601","osmId":"way/12837379","kind":"road"},"geometry":{"type":"LineString","coordinates":[[-92.021483,34.230728],[-92.021471,34.231796],[-92.021456,34.232857],[-92.021443,34.233908],[-92.021415,34.234956],[-92.021401,34.235993],[-92.021393,34.236661],[-92.021386,34.237188],[-92.021354,34.238267],[-92.021322,34.239334],[-92.021313,34.240358]]}},{"type":"Feature","properties":{"highway":"service","name":"North Cypress Street","oneway":"yes","service":"parking_aisle","tiger:cfcc":"A41","tiger:county":"Jefferson, AR","tiger:name_base":"Cypress","tiger:name_direction_prefix":"N","tiger:name_type":"St","tiger:reviewed":"no","tiger:zip_left":"71601","tiger:zip_right":"71601","osmId":"way/12837383","kind":"road"},"geometry":{"type":"LineString","coordinates":[[-92.021648,34.240364],[-92.021636,34.240827],[-92.021633,34.240964],[-92.021631,34.241044],[-92.021626,34.241252]]}},{"type":"Feature","properties":{"highway":"residential","name":"West Hill Street","tiger:cfcc":"A41","tiger:county":"Jefferson, AR","tiger:name_base":"Hill","tiger:name_direction_prefix":"W","tiger:name_type":"St","tiger:reviewed":"no","tiger:zip_left":"71601","tiger:zip_right":"71601","osmId":"way/12837433","kind":"road"},"geometry":{"type":"LineString","coordinates":[[-92.023219,34.242826],[-92.024077,34.242854],[-92.024505,34.242856],[-92.024615,34.242843],[-92.025258,34.242771],[-92.025314,34.242771],[-92.025779,34.242771],[-92.026661,34.242762],[-92.027543,34.242786],[-92.027947,34.242803],[-92.028412,34.242822],[-92.028856,34.242839],[-92.028913,34.242841],[-92.029246,34.242854],[-92.029508,34.242854],[-92.029575,34.242854],[-92.029997,34.242854],[-92.030435,34.242892],[-92.030965,34.242873],[-92.032435,34.242901],[-92.033264,34.24303],[-92.033642,34.243075]]}},{"type":"Feature","properties":{"highway":"residential","name":"North Short Hazel Street","tiger:cfcc":"A41","tiger:county":"Jefferson, AR","tiger:name_base":"Short Hazel","tiger:name_direction_prefix":"N","tiger:name_type":"St","tiger:reviewed":"no","tiger:zip_left":"71601","tiger:zip_right":"71601","osmId":"way/12837626","kind":"road"},"geometry":{"type":"LineString","coordinates":[[-92.023775,34.234929],[-92.023776,34.235641],[-92.023748,34.236024],[-92.02376,34.236355],[-92.023824,34.236425]]}},{"type":"Feature","properties":{"highway":"residential","name":"West High Avenue","name_1":"West High Street","tiger:cfcc":"A41","tiger:county":"Jefferson, AR","tiger:name_base":"High","tiger:name_base_1":"High","tiger:name_direction_prefix":"W","tiger:name_direction_prefix_1":"W","tiger:name_type":"Ave","tiger:name_type_1":"St","tiger:reviewed":"no","tiger:zip_left":"71601","tiger:zip_right":"71601","osmId":"way/12838022","kind":"road"},"geometry":{"type":"LineString","coordinates":[[-92.023824,34.236425],[-92.023924,34.236459],[-92.024349,34.236462],[-92.024843,34.236466],[-92.025906,34.236487],[-92.026937,34.236495],[-92.028025,34.236526]]}},{"type":"Feature","properties":{"highway":"residential","name":"North Maple Street","tiger:cfcc":"A41","tiger:county":"Jefferson, AR","tiger:name_base":"Maple","tiger:name_direction_prefix":"N","tiger:name_type":"St","tiger:reviewed":"no","tiger:zip_left":"71601","tiger:zip_right":"71601","osmId":"way/12838037","kind":"road"},"geometry":{"type":"LineString","coordinates":[[-92.022475,34.229998],[-92.022471,34.230743],[-92.022463,34.231801],[-92.022461,34.232871],[-92.022439,34.233928],[-92.022431,34.234956],[-92.022394,34.235999],[-92.022385,34.236643],[-92.022377,34.237189],[-92.022356,34.237637],[-92.022324,34.238297],[-92.02231,34.239359],[-92.022301,34.240376]]}},{"type":"Feature","properties":{"highway":"residential","name":"North Lindell Street","tiger:cfcc":"A41","tiger:county":"Jefferson, AR","tiger:name_base":"Lindell","tiger:name_direction_prefix":"N","tiger:name_type":"St","tiger:reviewed":"no","tiger:zip_left":"71601","tiger:zip_right":"71601","osmId":"way/12838219","kind":"road"},"geometry":{"type":"LineString","coordinates":[[-92.033207,34.24469],[-92.03302,34.244727],[-92.032964,34.244813],[-92.032953,34.245536],[-92.033017,34.246772]]}},{"type":"Feature","properties":{"highway":"residential","name":"North Lindell Street","tiger:cfcc":"A41","tiger:county":"Jefferson, AR","tiger:name_base":"Lindell","tiger:name_direction_prefix":"N","tiger:name_type":"St","tiger:reviewed":"no","tiger:zip_left":"71601","tiger:zip_right":"71601","osmId":"way/12838221","kind":"road"},"geometry":{"type":"LineString","coordinates":[[-92.033264,34.24303],[-92.033207,34.24469]]}},{"type":"Feature","properties":{"highway":"residential","name":"Whiteside Street","tiger:cfcc":"A41","tiger:county":"Jefferson, AR","tiger:name_base":"Whiteside","tiger:name_type":"St","tiger:reviewed":"no","tiger:zip_left":"71601","tiger:zip_right":"71601","osmId":"way/12838252","kind":"road"},"geometry":{"type":"LineString","coordinates":[[-92.025752,34.244605],[-92.0266,34.244627],[-92.026988,34.244651],[-92.027894,34.244668],[-92.029026,34.244728],[-92.030089,34.244767],[-92.031528,34.244698],[-92.032034,34.244725],[-92.032249,34.244747]]}},{"type":"Feature","properties":{"highway":"residential","name":"Whiteside Street","osmId":"way/12838253","kind":"road"},"geometry":{"type":"LineString","coordinates":[[-92.033207,34.24469],[-92.034665,34.244724]]}},{"type":"Feature","properties":{"highway":"residential","name":"Fluker","name_1":"Fluker Street","tiger:cfcc":"A41","tiger:county":"Jefferson, AR","tiger:name_base":"Fluker","tiger:name_base_1":"Fluker","tiger:name_type_1":"St","tiger:reviewed":"no","osmId":"way/12838331","kind":"road"},"geometry":{"type":"LineString","coordinates":[[-92.017585,34.239284],[-92.018604,34.239298]]}},{"type":"Feature","properties":{"highway":"residential","name":"Burnett Street","tiger:cfcc":"A41","tiger:county":"Jefferson, AR","tiger:name_base":"Burnett","tiger:name_type":"St","tiger:reviewed":"no","tiger:zip_left":"71601","tiger:zip_right":"71601","osmId":"way/12838447","kind":"road"},"geometry":{"type":"LineString","coordinates":[[-92.021606,34.24778],[-92.023408,34.247805]]}},{"type":"Feature","properties":{"highway":"residential","name":"North Marion Drive","name_1":"Marion","name_2":"Marion Drive","tiger:cfcc":"A41","tiger:county":"Jefferson, AR","tiger:name_base":"Marion","tiger:name_base_1":"Marion","tiger:name_base_2":"Marion","tiger:name_direction_prefix":"N","tiger:name_type":"Dr","tiger:name_type_2":"Dr","tiger:reviewed":"no","tiger:zip_left":"71601","tiger:zip_right":"71601","osmId":"way/12838471","kind":"road"},"geometry":{"type":"LineString","coordinates":[[-92.029719,34.238728],[-92.02969,34.240264],[-92.029636,34.240441],[-92.029615,34.240852],[-92.02954,34.240935],[-92.029459,34.240942]]}},{"type":"Feature","properties":{"highway":"residential","name":"North Marion Drive","name_1":"Marion","name_2":"Marion Drive","tiger:cfcc":"A41","tiger:county":"Jefferson, AR","tiger:name_base":"Marion","tiger:name_base_1":"Marion","tiger:name_base_2":"Marion","tiger:name_direction_prefix":"N","tiger:name_type":"Dr","tiger:name_type_2":"Dr","tiger:reviewed":"no","tiger:zip_left":"71601","tiger:zip_right":"71601","osmId":"way/12838473","kind":"road"},"geometry":{"type":"LineString","coordinates":[[-92.029459,34.240942],[-92.029425,34.24197],[-92.02938,34.242162],[-92.029297,34.242236],[-92.029246,34.242854]]}},{"type":"Feature","properties":{"highway":"residential","name":"Remmel Street","tiger:cfcc":"A41","tiger:county":"Jefferson, AR","tiger:name_base":"Remmel","tiger:name_type":"St","tiger:reviewed":"no","tiger:zip_left":"71601","tiger:zip_right":"71601","osmId":"way/12838991","kind":"road"},"geometry":{"type":"LineString","coordinates":[[-92.027811,34.246101],[-92.031402,34.24629]]}},{"type":"Feature","properties":{"highway":"residential","name":"Remmel Street","tiger:cfcc":"A41","tiger:county":"Jefferson, AR","tiger:name_base":"Remmel","tiger:name_type":"St","tiger:reviewed":"no","tiger:zip_left":"71601","tiger:zip_right":"71601","osmId":"way/12838994","kind":"road"},"geometry":{"type":"LineString","coordinates":[[-92.025754,34.245886],[-92.027813,34.245984]]}},{"type":"Feature","properties":{"highway":"residential","name":"Woodgate Drive","tiger:cfcc":"A41","tiger:county":"Jefferson, AR","tiger:name_base":"Woodgate","tiger:name_type":"Dr","tiger:reviewed":"no","tiger:zip_left":"71601","tiger:zip_right":"71601","osmId":"way/12839060","kind":"road"},"geometry":{"type":"LineString","coordinates":[[-92.022641,34.250092],[-92.022342,34.249857],[-92.021901,34.24982],[-92.021686,34.249898],[-92.021443,34.250051],[-92.021309,34.25033],[-92.021307,34.250456],[-92.021386,34.250786],[-92.02132,34.251469],[-92.021279,34.251887]]}},{"type":"Feature","properties":{"highway":"residential","name":"Nelson Street","tiger:cfcc":"A41","tiger:county":"Jefferson, AR","tiger:name_base":"Nelson","tiger:name_type":"St","tiger:reviewed":"no","tiger:zip_left":"71601","tiger:zip_right":"71601","osmId":"way/12839354","kind":"road"},"geometry":{"type":"LineString","coordinates":[[-92.031689,34.240732],[-92.031647,34.241887]]}},{"type":"Feature","properties":{"highway":"residential","name":"Nelson Street","tiger:cfcc":"A41","tiger:county":"Jefferson, AR","tiger:name_base":"Nelson","tiger:name_type":"St","tiger:reviewed":"no","tiger:zip_left":"71601","tiger:zip_right":"71601","osmId":"way/12839356","kind":"road"},"geometry":{"type":"LineString","coordinates":[[-92.029026,34.244728],[-92.029063,34.244077],[-92.028917,34.243663]]}},{"type":"Feature","properties":{"highway":"residential","name":"Roane Avenue","name_1":"Roane Street","tiger:cfcc":"A41","tiger:county":"Jefferson, AR","tiger:name_base":"Roane","tiger:name_base_1":"Roane","tiger:name_type":"Ave","tiger:name_type_1":"St","tiger:reviewed":"no","tiger:zip_left":"71601","tiger:zip_right":"71601","osmId":"way/12839489","kind":"road"},"geometry":{"type":"LineString","coordinates":[[-92.025744,34.24523],[-92.027859,34.245412],[-92.028681,34.245471],[-92.03057,34.245521],[-92.032352,34.245515],[-92.032953,34.245536],[-92.034656,34.245574]]}},{"type":"Feature","properties":{"highway":"service","name":"John Kennedy Drive","tiger:cfcc":"A41","tiger:county":"Jefferson, AR","tiger:name_base":"John Kennedy","tiger:name_type":"Dr","tiger:reviewed":"no","osmId":"way/12839521","kind":"road"},"geometry":{"type":"LineString","coordinates":[[-92.018577,34.241102],[-92.018839,34.241102],[-92.01935,34.241114],[-92.019796,34.241125],[-92.020347,34.241143],[-92.021233,34.241171],[-92.02144,34.241193],[-92.021626,34.241252],[-92.021669,34.241289],[-92.02173,34.241349],[-92.021804,34.241456],[-92.021826,34.241567],[-92.021823,34.241593],[-92.021813,34.241686],[-92.021806,34.241732],[-92.021793,34.241826]]}},{"type":"Feature","properties":{"highway":"residential","name":"Park Drive","tiger:cfcc":"A41","tiger:county":"Jefferson, AR","tiger:name_base":"Park","tiger:name_type":"Dr","tiger:reviewed":"no","osmId":"way/12839538","kind":"road"},"geometry":{"type":"LineString","coordinates":[[-92.029719,34.238728],[-92.029945,34.238677],[-92.030697,34.238692],[-92.031018,34.238699],[-92.03254,34.23873],[-92.034247,34.23878],[-92.034447,34.238736],[-92.034594,34.238633]]}},{"type":"Feature","properties":{"highway":"residential","name":"Park Drive","tiger:cfcc":"A41","tiger:county":"Jefferson, AR","tiger:name_base":"Park","tiger:name_type":"Dr","tiger:reviewed":"no","osmId":"way/12839539","kind":"road"},"geometry":{"type":"LineString","coordinates":[[-92.034652,34.238291],[-92.034247,34.23878]]}},{"type":"Feature","properties":{"highway":"residential","name":"Westwood Court","tiger:cfcc":"A41","tiger:county":"Jefferson, AR","tiger:name_base":"Westwood","tiger:name_type":"Ct","tiger:reviewed":"no","tiger:zip_left":"71601","tiger:zip_right":"71601","osmId":"way/12839692","kind":"road"},"geometry":{"type":"LineString","coordinates":[[-92.020429,34.251685],[-92.020458,34.250804]]}},{"type":"Feature","properties":{"highway":"residential","name":"North Locust Street","tiger:cfcc":"A41","tiger:county":"Jefferson, AR","tiger:name_base":"Locust","tiger:name_direction_prefix":"N","tiger:name_type":"St","tiger:reviewed":"no","tiger:zip_left":"71601","tiger:zip_right":"71601","osmId":"way/12839808","kind":"road"},"geometry":{"type":"LineString","coordinates":[[-92.017455,34.234897],[-92.017433,34.235944],[-92.017405,34.236975]]}},{"type":"Feature","properties":{"highway":"residential","name":"North Hickory Street","tiger:cfcc":"A41","tiger:county":"Jefferson, AR","tiger:name_base":"Hickory","tiger:name_direction_prefix":"N","tiger:name_type":"St","tiger:reviewed":"no","tiger:zip_left":"71601","tiger:zip_right":"71601","osmId":"way/12840175","kind":"road"},"geometry":{"type":"LineString","coordinates":[[-92.020478,34.23072],[-92.020474,34.230978],[-92.020484,34.231788],[-92.020473,34.232823],[-92.020454,34.233889],[-92.020456,34.234938],[-92.020432,34.235998]]}},{"type":"Feature","properties":{"highway":"residential","name":"North Hickory Street","tiger:cfcc":"A41","tiger:county":"Jefferson, AR","tiger:name_base":"Hickory","tiger:name_direction_prefix":"N","tiger:name_type":"St","tiger:reviewed":"no","tiger:zip_left":"71601","tiger:zip_right":"71601","osmId":"way/12840176","kind":"road"},"geometry":{"type":"LineString","coordinates":[[-92.020686,34.237175],[-92.020663,34.238234],[-92.020654,34.238298],[-92.020633,34.239317],[-92.020592,34.240347]]}},{"type":"Feature","properties":{"highway":"residential","name":"North Hickory Street","tiger:cfcc":"A41","tiger:county":"Jefferson, AR","tiger:name_base":"Hickory","tiger:name_direction_prefix":"N","tiger:name_type":"St","tiger:reviewed":"no","tiger:zip_left":"71601","tiger:zip_right":"71601","osmId":"way/12840178","kind":"road"},"geometry":{"type":"LineString","coordinates":[[-92.018791,34.246121],[-92.018762,34.246815],[-92.018749,34.247129]]}},{"type":"Feature","properties":{"fixme:tigerking":"check highway value","highway":"residential","name":"Uapb Farm Road","tiger:reviewed":"no","osmId":"way/12840232","kind":"road"},"geometry":{"type":"LineString","coordinates":[[-92.02565,34.254578],[-92.025596,34.254711],[-92.025601,34.254825],[-92.025641,34.254969],[-92.025751,34.255044],[-92.026368,34.25537],[-92.026471,34.255411],[-92.026511,34.255462],[-92.026531,34.255566],[-92.026488,34.255657],[-92.026397,34.255776],[-92.026196,34.255867],[-92.02357,34.256332],[-92.023492,34.256368],[-92.023376,34.256422]]}},{"type":"Feature","properties":{"highway":"residential","name":"Uapb Farm Road","tiger:cfcc":"A41","tiger:county":"Jefferson, AR","tiger:name_base":"Uapb Farm","tiger:name_type":"Rd","tiger:reviewed":"no","tiger:zip_left":"71601","tiger:zip_right":"71601","osmId":"way/12840233","kind":"road"},"geometry":{"type":"LineString","coordinates":[[-92.025572,34.253167],[-92.025556,34.253424],[-92.025644,34.253517],[-92.025761,34.25354],[-92.026128,34.253499]]}},{"type":"Feature","properties":{"highway":"residential","name":"North Myrtle Street","tiger:cfcc":"A41","tiger:county":"Jefferson, AR","tiger:name_base":"Myrtle","tiger:name_direction_prefix":"N","tiger:name_type":"St","tiger:reviewed":"no","tiger:zip_left":"71601","tiger:zip_right":"71601","osmId":"way/12840355","kind":"road"},"geometry":{"type":"LineString","coordinates":[[-92.035989,34.233064],[-92.035886,34.237378],[-92.035825,34.237494],[-92.035698,34.23752],[-92.03553,34.237517],[-92.034967,34.237508],[-92.034856,34.237576]]}},{"type":"Feature","properties":{"highway":"residential","name":"Woodlawn Drive","tiger:cfcc":"A41","tiger:county":"Jefferson, AR","tiger:name_base":"Woodlawn","tiger:name_type":"Dr","tiger:reviewed":"no","tiger:zip_left":"71601","tiger:zip_right":"71601","osmId":"way/12840455","kind":"road"},"geometry":{"type":"LineString","coordinates":[[-92.022641,34.250092],[-92.022337,34.250311],[-92.022634,34.250655],[-92.022859,34.250913],[-92.022887,34.251024],[-92.022891,34.251353],[-92.022888,34.25163],[-92.022896,34.251853]]}},{"type":"Feature","properties":{"highway":"residential","name":"Collegiate Drive","tiger:cfcc":"A41","tiger:county":"Jefferson, AR","tiger:name_base":"Collegiate","tiger:name_type":"Dr","tiger:reviewed":"no","tiger:zip_left":"71601","tiger:zip_right":"71601","osmId":"way/12840671","kind":"road"},"geometry":{"type":"LineString","coordinates":[[-92.01754,34.246097],[-92.017896,34.246101],[-92.018791,34.246121],[-92.019391,34.246121],[-92.019457,34.24612],[-92.020427,34.246159],[-92.020846,34.24616],[-92.020945,34.246229]]}},{"type":"Feature","properties":{"highway":"residential","name":"North Hazel Street","tiger:cfcc":"A41","tiger:county":"Jefferson, AR","tiger:name_base":"Hazel","tiger:name_direction_prefix":"N","tiger:name_type":"St","tiger:reviewed":"no","tiger:zip_left":"71601","tiger:zip_right":"71601","osmId":"way/12840705","kind":"road"},"geometry":{"type":"LineString","coordinates":[[-92.024375,34.237256],[-92.024352,34.238344],[-92.024308,34.239383],[-92.024281,34.240423],[-92.02426,34.240778],[-92.024139,34.240907],[-92.024111,34.241474],[-92.024104,34.241774],[-92.024077,34.242854],[-92.024071,34.243447]]}},{"type":"Feature","properties":{"highway":"residential","name":"North Hazel Street","tiger:cfcc":"A41","tiger:county":"Jefferson, AR","tiger:name_base":"Hazel","tiger:name_direction_prefix":"N","tiger:name_type":"St","tiger:reviewed":"no","tiger:zip_left":"71601","tiger:zip_right":"71601","osmId":"way/12840708","kind":"road"},"geometry":{"type":"LineString","coordinates":[[-92.024884,34.233997],[-92.024868,34.234818],[-92.024855,34.23565],[-92.024843,34.236466],[-92.024798,34.237262]]}},{"type":"Feature","properties":{"fixme:tigerking":"bad geometry","highway":"residential","name":"North Willow Street","surface":"asphalt","tiger:reviewed":"no","osmId":"way/12840770","kind":"road"},"geometry":{"type":"LineString","coordinates":[[-92.028184,34.229879],[-92.028175,34.230533],[-92.028171,34.230826],[-92.028135,34.233582],[-92.028121,34.233646],[-92.02809,34.233793],[-92.028037,34.234043],[-92.028024,34.234878],[-92.028052,34.235677],[-92.028025,34.236526],[-92.028032,34.23719],[-92.028084,34.237327],[-92.028118,34.237534],[-92.028105,34.238303],[-92.028103,34.238431],[-92.028076,34.239436]]}},{"type":"Feature","properties":{"highway":"residential","name":"North Willow Street","tiger:cfcc":"A41","tiger:county":"Jefferson, AR","tiger:name_base":"Willow","tiger:name_direction_prefix":"N","tiger:name_type":"St","tiger:reviewed":"no","tiger:zip_left":"71601","tiger:zip_right":"71601","osmId":"way/12840772","kind":"road"},"geometry":{"type":"LineString","coordinates":[[-92.027947,34.242803],[-92.027894,34.244668],[-92.027859,34.245412],[-92.027813,34.245984],[-92.027811,34.246101],[-92.027766,34.246666],[-92.027761,34.24721],[-92.027772,34.247749],[-92.027721,34.247863]]}},{"type":"Feature","properties":{"fixme:tigerking":"bad geometry","highway":"residential","name":"Nelson","tiger:reviewed":"no","osmId":"way/12840804","kind":"road"},"geometry":{"type":"LineString","coordinates":[[-92.028856,34.242839],[-92.028849,34.243469],[-92.028917,34.243663]]}},{"type":"Feature","properties":{"highway":"residential","name":"Lind Caru","name_1":"Lind Caru Drive","tiger:cfcc":"A41","tiger:county":"Jefferson, AR","tiger:name_base":"Lind Caru","tiger:name_base_1":"Lind Caru","tiger:name_type_1":"Dr","tiger:reviewed":"no","tiger:zip_left":"71601","tiger:zip_right":"71601","osmId":"way/12840983","kind":"road"},"geometry":{"type":"LineString","coordinates":[[-92.018577,34.241102],[-92.017325,34.241103]]}},{"type":"Feature","properties":{"highway":"residential","name":"Bell Street","tiger:cfcc":"A41","tiger:county":"Jefferson, AR","tiger:name_base":"Bell","tiger:name_type":"St","tiger:reviewed":"no","tiger:zip_left":"71601","tiger:zip_right":"71601","osmId":"way/12841123","kind":"road"},"geometry":{"type":"LineString","coordinates":[[-92.016664,34.235929],[-92.017433,34.235944],[-92.018411,34.235957],[-92.01936,34.235963],[-92.020432,34.235998],[-92.021401,34.235993],[-92.022394,34.235999],[-92.023363,34.236017],[-92.023748,34.236024]]}},{"type":"Feature","properties":{"highway":"residential","name":"Bell Street","tiger:cfcc":"A41","tiger:county":"Jefferson, AR","tiger:name_base":"Bell","tiger:name_type":"St","tiger:reviewed":"no","tiger:zip_left":"71601","tiger:zip_right":"71601","osmId":"way/12841124","kind":"road"},"geometry":{"type":"LineString","coordinates":[[-92.023776,34.235641],[-92.024349,34.235646],[-92.024855,34.23565],[-92.025915,34.235664],[-92.026982,34.235667],[-92.028052,34.235677]]}},{"type":"Feature","properties":{"highway":"residential","name":"Watson Boulevard North","tiger:cfcc":"A41","tiger:county":"Jefferson, AR","tiger:name_base":"Watson","tiger:name_type":"Blvd","tiger:reviewed":"no","tiger:zip_left":"71601","tiger:zip_left_1":"71601","tiger:zip_left_2":"71601","tiger:zip_left_3":"71601","tiger:zip_right":"71601","tiger:zip_right_1":"71601","tiger:zip_right_3":"71601","osmId":"way/175719624","kind":"road"},"geometry":{"type":"LineString","coordinates":[[-92.021767,34.245412],[-92.019503,34.245393],[-92.017576,34.245333]]}},{"type":"Feature","properties":{"highway":"service","name":"John Kennedy Drive","tiger:cfcc":"A41","tiger:county":"Jefferson, AR","tiger:name_base":"John Kennedy","tiger:name_type":"Dr","tiger:reviewed":"no","osmId":"way/453258739","kind":"road"},"geometry":{"type":"LineString","coordinates":[[-92.021699,34.242797],[-92.021689,34.242878],[-92.021673,34.243008],[-92.021652,34.243185],[-92.021516,34.243304],[-92.021439,34.243319],[-92.021375,34.243331],[-92.020906,34.243356],[-92.020768,34.243372],[-92.020616,34.243423],[-92.020525,34.243454],[-92.02029,34.243534],[-92.020221,34.243553],[-92.020124,34.243579],[-92.018421,34.24355],[-92.018352,34.243543],[-92.018196,34.243528]]}},{"type":"Feature","properties":{"highway":"footway","lit":"no","surface":"asphalt","osmId":"way/584993816","kind":"path"},"geometry":{"type":"LineString","coordinates":[[-92.015381,34.245767],[-92.015257,34.24581],[-92.015176,34.24577],[-92.015089,34.2457],[-92.015047,34.245625],[-92.015007,34.245393]]}},{"type":"Feature","properties":{"bridge":"yes","highway":"footway","layer":"1","lit":"no","surface":"asphalt","osmId":"way/584993817","kind":"path"},"geometry":{"type":"LineString","coordinates":[[-92.015007,34.245393],[-92.014968,34.245128]]}},{"type":"Feature","properties":{"highway":"footway","lit":"no","surface":"asphalt","osmId":"way/584993818","kind":"path"},"geometry":{"type":"LineString","coordinates":[[-92.014968,34.245128],[-92.014938,34.24484],[-92.014803,34.244836],[-92.013633,34.244846],[-92.013341,34.244856],[-92.013081,34.244867],[-92.012885,34.244864],[-92.012717,34.244859],[-92.012511,34.244833],[-92.012369,34.244801],[-92.000235,34.241122],[-92.000175,34.241096],[-92.000139,34.241059],[-92.000133,34.241],[-92.000498,34.230761],[-92.000514,34.23064],[-92.000541,34.230566],[-92.000598,34.230478]]}},{"type":"Feature","properties":{"highway":"service","osmId":"way/624144267","kind":"road"},"geometry":{"type":"LineString","coordinates":[[-92.033844,34.240755],[-92.033844,34.240637],[-92.033918,34.240475],[-92.034037,34.240406],[-92.034253,34.240378],[-92.034427,34.240414]]}},{"type":"Feature","properties":{"highway":"service","service":"driveway","osmId":"way/624144270","kind":"road"},"geometry":{"type":"LineString","coordinates":[[-92.033719,34.240775],[-92.03373,34.240988],[-92.033705,34.241159],[-92.033625,34.241413],[-92.033693,34.241579],[-92.033909,34.241739],[-92.033989,34.241798]]}},{"type":"Feature","properties":{"highway":"service","osmId":"way/670782857","kind":"road"},"geometry":{"type":"LineString","coordinates":[[-92.016568,34.256739],[-92.01745,34.256449],[-92.017768,34.256185],[-92.01786,34.255969],[-92.018016,34.255255],[-92.018137,34.254423],[-92.018457,34.253952],[-92.018744,34.25364],[-92.018795,34.253532]]}},{"type":"Feature","properties":{"highway":"service","osmId":"way/671819362","kind":"road"},"geometry":{"type":"LineString","coordinates":[[-92.028455,34.234697],[-92.028469,34.235133],[-92.028501,34.235698],[-92.028565,34.235999],[-92.028827,34.236146]]}},{"type":"Feature","properties":{"highway":"service","osmId":"way/671819363","kind":"road"},"geometry":{"type":"LineString","coordinates":[[-92.028827,34.236146],[-92.028558,34.236149],[-92.02836,34.236143],[-92.028179,34.236178],[-92.028094,34.236313],[-92.028122,34.236746],[-92.028122,34.237111],[-92.028204,34.237278],[-92.028367,34.237334],[-92.029535,34.237353],[-92.029924,34.23736],[-92.030398,34.237345],[-92.030422,34.237208],[-92.030434,34.237141],[-92.030444,34.236708],[-92.030409,34.236526],[-92.030094,34.236242]]}},{"type":"Feature","properties":{"highway":"service","osmId":"way/671819364","kind":"road"},"geometry":{"type":"LineString","coordinates":[[-92.028827,34.236146],[-92.02928,34.236263],[-92.029786,34.23628],[-92.030094,34.236242],[-92.030862,34.236184],[-92.031286,34.23609],[-92.031538,34.235923],[-92.031679,34.23566],[-92.031725,34.235447],[-92.031704,34.235221],[-92.03147,34.235169],[-92.031039,34.235136],[-92.030398,34.235268],[-92.029687,34.235329],[-92.029276,34.235277],[-92.028926,34.235142],[-92.02865,34.234908],[-92.028455,34.234697]]}},{"type":"Feature","properties":{"highway":"service","osmId":"way/671819365","kind":"road"},"geometry":{"type":"LineString","coordinates":[[-92.031704,34.235221],[-92.031432,34.234964],[-92.031226,34.23475]]}},{"type":"Feature","properties":{"highway":"service","osmId":"way/671819367","kind":"road"},"geometry":{"type":"LineString","coordinates":[[-92.031039,34.235136],[-92.031124,34.235011],[-92.031184,34.234873],[-92.031226,34.23475]]}},{"type":"Feature","properties":{"hgv":"designated","hgv:national_network":"yes","highway":"primary","lanes":"4","name":"University Drive","ref":"US 79B","source:hgv:national_network":"Title 23: Highways Part 658 http://ecfr.gpoaccess.gov/cgi/t/text/text-idx?c=ecfr&rgn=div5&view=text&node=23:1.0.1.7.33&idno=23 and document from AHTD listing the FAP routes","tiger:cfcc":"A21","tiger:county":"Jefferson, AR","tiger:name_base":"University","tiger:name_base_1":"United States Highway 79","tiger:name_type":"Dr","tiger:zip_left":"71602","tiger:zip_right":"71601","osmId":"way/672052342","kind":"road"},"geometry":{"type":"LineString","coordinates":[[-92.018593,34.240192],[-92.018589,34.240335],[-92.018585,34.240394],[-92.018582,34.240577],[-92.018581,34.240613],[-92.018577,34.241102],[-92.018577,34.241994],[-92.018547,34.242309],[-92.018491,34.242557],[-92.0184,34.242956],[-92.018341,34.24314],[-92.01826,34.243375],[-92.018196,34.243528],[-92.017778,34.244553],[-92.017657,34.244901],[-92.017601,34.245153],[-92.017576,34.245333],[-92.017558,34.245486],[-92.017547,34.245874],[-92.01754,34.246097],[-92.017528,34.246535],[-92.01752,34.246728],[-92.017509,34.24706],[-92.017508,34.247222],[-92.017503,34.247406],[-92.017497,34.247592],[-92.017492,34.247716],[-92.017488,34.247828],[-92.017482,34.247985],[-92.017475,34.248181],[-92.017459,34.248474],[-92.017458,34.248547],[-92.017457,34.248635],[-92.017455,34.248927],[-92.017455,34.248972],[-92.017468,34.249399],[-92.017496,34.249715],[-92.017566,34.250805],[-92.017575,34.251161],[-92.017572,34.251358],[-92.017552,34.251562],[-92.017495,34.251847],[-92.017411,34.252089],[-92.017324,34.252301],[-92.017264,34.252417],[-92.017217,34.252519],[-92.017,34.252836],[-92.016898,34.252967]]}},{"type":"Feature","properties":{"highway":"service","oneway":"yes","service":"parking_aisle","osmId":"way/818591112","kind":"road"},"geometry":{"type":"LineString","coordinates":[[-92.022659,34.242466],[-92.022662,34.241835]]}},{"type":"Feature","properties":{"highway":"service","oneway":"yes","service":"parking_aisle","osmId":"way/818591113","kind":"road"},"geometry":{"type":"LineString","coordinates":[[-92.022833,34.241837],[-92.022817,34.242469]]}},{"type":"Feature","properties":{"highway":"service","oneway":"yes","service":"parking_aisle","osmId":"way/818591114","kind":"road"},"geometry":{"type":"LineString","coordinates":[[-92.022991,34.242472],[-92.023,34.241838]]}},{"type":"Feature","properties":{"highway":"service","osmId":"way/818591115","kind":"road"},"geometry":{"type":"LineString","coordinates":[[-92.02323,34.242472],[-92.022991,34.242472],[-92.022817,34.242469],[-92.022659,34.242466],[-92.022194,34.242463]]}},{"type":"Feature","properties":{"highway":"service","service":"parking_aisle","osmId":"way/818591129","kind":"road"},"geometry":{"type":"LineString","coordinates":[[-92.021836,34.244463],[-92.022277,34.244466]]}},{"type":"Feature","properties":{"highway":"service","service":"parking_aisle","osmId":"way/818591130","kind":"road"},"geometry":{"type":"LineString","coordinates":[[-92.022277,34.244466],[-92.022282,34.244313],[-92.021545,34.244307],[-92.020512,34.244273],[-92.020515,34.244452],[-92.021836,34.244463]]}},{"type":"Feature","properties":{"highway":"service","osmId":"way/818591131","kind":"road"},"geometry":{"type":"LineString","coordinates":[[-92.021545,34.244307],[-92.021568,34.243343],[-92.021652,34.243185]]}},{"type":"Feature","properties":{"highway":"service","osmId":"way/818591132","kind":"road"},"geometry":{"type":"LineString","coordinates":[[-92.022737,34.244476],[-92.022689,34.244414],[-92.022662,34.244367],[-92.02267,34.244209],[-92.022765,34.244175],[-92.022864,34.244195],[-92.022927,34.244193],[-92.022961,34.244159],[-92.022961,34.244137]]}},{"type":"Feature","properties":{"highway":"service","osmId":"way/818591133","kind":"road"},"geometry":{"type":"LineString","coordinates":[[-92.022765,34.244175],[-92.022764,34.244145]]}},{"type":"Feature","properties":{"highway":"service","service":"parking_aisle","osmId":"way/818591134","kind":"road"},"geometry":{"type":"LineString","coordinates":[[-92.022961,34.244137],[-92.022983,34.243437],[-92.022786,34.243438],[-92.022764,34.244145]]}},{"type":"Feature","properties":{"highway":"service","osmId":"way/818591135","kind":"road"},"geometry":{"type":"LineString","coordinates":[[-92.022983,34.243437],[-92.023209,34.243435]]}},{"type":"Feature","properties":{"highway":"service","osmId":"way/818591136","kind":"road"},"geometry":{"type":"LineString","coordinates":[[-92.023204,34.243801],[-92.023805,34.243802],[-92.023807,34.243924]]}},{"type":"Feature","properties":{"highway":"service","osmId":"way/818591137","kind":"road"},"geometry":{"type":"LineString","coordinates":[[-92.023805,34.243802],[-92.023805,34.243683]]}},{"type":"Feature","properties":{"highway":"service","service":"parking_aisle","osmId":"way/818591138","kind":"road"},"geometry":{"type":"LineString","coordinates":[[-92.023807,34.243924],[-92.023965,34.243927]]}},{"type":"Feature","properties":{"highway":"service","service":"parking_aisle","osmId":"way/818591139","kind":"road"},"geometry":{"type":"LineString","coordinates":[[-92.023807,34.243924],[-92.023705,34.243942]]}},{"type":"Feature","properties":{"highway":"service","service":"parking_aisle","osmId":"way/818591140","kind":"road"},"geometry":{"type":"LineString","coordinates":[[-92.023805,34.243683],[-92.023969,34.24368]]}},{"type":"Feature","properties":{"highway":"service","service":"parking_aisle","osmId":"way/818591141","kind":"road"},"geometry":{"type":"LineString","coordinates":[[-92.023805,34.243683],[-92.023626,34.243693]]}},{"type":"Feature","properties":{"highway":"service","osmId":"way/818591142","kind":"road"},"geometry":{"type":"LineString","coordinates":[[-92.023266,34.244561],[-92.023819,34.2444]]}},{"type":"Feature","properties":{"highway":"service","service":"parking_aisle","osmId":"way/818591143","kind":"road"},"geometry":{"type":"LineString","coordinates":[[-92.023819,34.2444],[-92.023979,34.244361]]}},{"type":"Feature","properties":{"highway":"service","service":"parking_aisle","osmId":"way/818591144","kind":"road"},"geometry":{"type":"LineString","coordinates":[[-92.021793,34.241826],[-92.021725,34.241853],[-92.021416,34.241851],[-92.021417,34.241733],[-92.021806,34.241732]]}},{"type":"Feature","properties":{"highway":"service","service":"parking_aisle","osmId":"way/818591145","kind":"road"},"geometry":{"type":"LineString","coordinates":[[-92.021631,34.241044],[-92.020351,34.241022]]}},{"type":"Feature","properties":{"highway":"service","osmId":"way/818591146","kind":"road"},"geometry":{"type":"LineString","coordinates":[[-92.020347,34.241143],[-92.020351,34.241022],[-92.020351,34.240852]]}},{"type":"Feature","properties":{"highway":"service","osmId":"way/818591147","kind":"road"},"geometry":{"type":"LineString","coordinates":[[-92.018581,34.240613],[-92.018864,34.240606],[-92.018969,34.240607],[-92.019029,34.240628],[-92.019058,34.240672],[-92.01935,34.241114]]}},{"type":"Feature","properties":{"highway":"service","service":"parking_aisle","osmId":"way/818591148","kind":"road"},"geometry":{"type":"LineString","coordinates":[[-92.019058,34.240672],[-92.019204,34.240419],[-92.0192,34.240341]]}},{"type":"Feature","properties":{"highway":"service","service":"parking_aisle","osmId":"way/818591149","kind":"road"},"geometry":{"type":"LineString","coordinates":[[-92.021633,34.240964],[-92.022153,34.240967],[-92.022379,34.240968]]}},{"type":"Feature","properties":{"highway":"service","oneway":"yes","service":"parking_aisle","osmId":"way/818591150","kind":"road"},"geometry":{"type":"LineString","coordinates":[[-92.021636,34.240827],[-92.022132,34.240834],[-92.022158,34.240861],[-92.022153,34.240967]]}},{"type":"Feature","properties":{"highway":"service","service":"parking_aisle","osmId":"way/818591151","kind":"road"},"geometry":{"type":"LineString","coordinates":[[-92.02328,34.240816],[-92.022853,34.240814]]}},{"type":"Feature","properties":{"highway":"service","service":"parking_aisle","osmId":"way/818591152","kind":"road"},"geometry":{"type":"LineString","coordinates":[[-92.020221,34.243553],[-92.020197,34.24347],[-92.02021,34.243393],[-92.020477,34.243389],[-92.020525,34.243454]]}},{"type":"Feature","properties":{"highway":"service","service":"parking_aisle","osmId":"way/818591153","kind":"road"},"geometry":{"type":"LineString","coordinates":[[-92.021689,34.242878],[-92.021388,34.242864],[-92.021399,34.242691],[-92.021572,34.242691]]}},{"type":"Feature","properties":{"highway":"service","oneway":"yes","service":"parking_aisle","osmId":"way/818591154","kind":"road"},"geometry":{"type":"LineString","coordinates":[[-92.021439,34.243319],[-92.021456,34.243013],[-92.021673,34.243008]]}},{"type":"Feature","properties":{"highway":"service","service":"parking_aisle","osmId":"way/818591155","kind":"road"},"geometry":{"type":"LineString","coordinates":[[-92.020616,34.243423],[-92.020612,34.243264],[-92.020878,34.243251]]}},{"type":"Feature","properties":{"highway":"service","oneway":"yes","service":"parking_aisle","osmId":"way/818591156","kind":"road"},"geometry":{"type":"LineString","coordinates":[[-92.019486,34.244599],[-92.019513,34.244536],[-92.019513,34.244475],[-92.019484,34.24442],[-92.019494,34.244262],[-92.018744,34.244254],[-92.018659,34.244284],[-92.018663,34.244421],[-92.019484,34.24442]]}},{"type":"Feature","properties":{"highway":"service","oneway":"yes","osmId":"way/818591157","kind":"road"},"geometry":{"type":"LineString","coordinates":[[-92.019484,34.24442],[-92.01959,34.244411],[-92.019622,34.244358],[-92.019612,34.244298],[-92.019569,34.244266],[-92.019494,34.244262]]}},{"type":"Feature","properties":{"highway":"service","osmId":"way/818591174","kind":"road"},"geometry":{"type":"LineString","coordinates":[[-92.022737,34.244476],[-92.022795,34.244546],[-92.022805,34.24461],[-92.022742,34.24465],[-92.022677,34.24466]]}},{"type":"Feature","properties":{"highway":"service","service":"parking_aisle","osmId":"way/818591175","kind":"road"},"geometry":{"type":"LineString","coordinates":[[-92.022677,34.24466],[-92.022489,34.244757],[-92.022429,34.244788],[-92.021925,34.244779],[-92.021923,34.244957],[-92.022515,34.244962],[-92.022527,34.244809],[-92.022489,34.244757]]}},{"type":"Feature","properties":{"highway":"residential","osmId":"way/818591176","kind":"road"},"geometry":{"type":"LineString","coordinates":[[-92.021767,34.245412],[-92.021784,34.245328]]}},{"type":"Feature","properties":{"highway":"service","osmId":"way/818591177","kind":"road"},"geometry":{"type":"LineString","coordinates":[[-92.021784,34.245328],[-92.021784,34.245306],[-92.021792,34.24513],[-92.021799,34.244958],[-92.021812,34.244628]]}},{"type":"Feature","properties":{"highway":"service","service":"parking_aisle","osmId":"way/818591178","kind":"road"},"geometry":{"type":"LineString","coordinates":[[-92.021784,34.245306],[-92.022126,34.245312]]}},{"type":"Feature","properties":{"highway":"service","service":"parking_aisle","osmId":"way/818591179","kind":"road"},"geometry":{"type":"LineString","coordinates":[[-92.021792,34.24513],[-92.022126,34.24513]]}},{"type":"Feature","properties":{"highway":"service","service":"parking_aisle","osmId":"way/818591180","kind":"road"},"geometry":{"type":"LineString","coordinates":[[-92.021923,34.244957],[-92.021799,34.244958],[-92.0213,34.244946],[-92.021028,34.244943],[-92.021031,34.244617]]}},{"type":"Feature","properties":{"highway":"service","service":"parking_aisle","osmId":"way/818591181","kind":"road"},"geometry":{"type":"LineString","coordinates":[[-92.01951,34.244931],[-92.019631,34.244933],[-92.01964,34.244758],[-92.020339,34.244759],[-92.020337,34.244942],[-92.019631,34.244933],[-92.019624,34.245116],[-92.020337,34.245124],[-92.020334,34.245253],[-92.019617,34.245247],[-92.019624,34.245116]]}},{"type":"Feature","properties":{"highway":"service","service":"parking_aisle","osmId":"way/818591182","kind":"road"},"geometry":{"type":"LineString","coordinates":[[-92.020337,34.245124],[-92.020337,34.244942]]}},{"type":"Feature","properties":{"highway":"service","service":"parking_aisle","osmId":"way/818591183","kind":"road"},"geometry":{"type":"LineString","coordinates":[[-92.0213,34.244946],[-92.02129,34.245148],[-92.021284,34.24527],[-92.020502,34.245256],[-92.020334,34.245253]]}},{"type":"Feature","properties":{"highway":"service","service":"parking_aisle","osmId":"way/818591184","kind":"road"},"geometry":{"type":"LineString","coordinates":[[-92.020502,34.245256],[-92.020502,34.245133],[-92.020337,34.245124]]}},{"type":"Feature","properties":{"highway":"service","service":"parking_aisle","osmId":"way/818591185","kind":"road"},"geometry":{"type":"LineString","coordinates":[[-92.020502,34.245133],[-92.02129,34.245148]]}},{"type":"Feature","properties":{"highway":"service","service":"parking_aisle","osmId":"way/818591186","kind":"road"},"geometry":{"type":"LineString","coordinates":[[-92.01951,34.244931],[-92.019387,34.244927],[-92.019132,34.244919],[-92.019132,34.244744],[-92.019389,34.244756],[-92.019387,34.244927]]}},{"type":"Feature","properties":{"highway":"footway","osmId":"way/818594987","kind":"path"},"geometry":{"type":"LineString","coordinates":[[-92.018589,34.243097],[-92.018645,34.242867],[-92.01886,34.242904],[-92.01915,34.242892],[-92.019241,34.242895],[-92.01934,34.242908],[-92.019421,34.242909],[-92.01992,34.242916],[-92.020081,34.242919],[-92.020549,34.242928],[-92.020689,34.242931],[-92.021106,34.242934],[-92.021312,34.242936]]}},{"type":"Feature","properties":{"highway":"footway","osmId":"way/818594988","kind":"path"},"geometry":{"type":"LineString","coordinates":[[-92.018381,34.243449],[-92.018459,34.243471],[-92.018502,34.243464],[-92.018664,34.243372],[-92.018834,34.243247],[-92.01915,34.242892]]}},{"type":"Feature","properties":{"highway":"footway","osmId":"way/818594989","kind":"path"},"geometry":{"type":"LineString","coordinates":[[-92.018834,34.243247],[-92.019358,34.243256],[-92.019575,34.243261],[-92.019932,34.243258],[-92.019932,34.243278]]}},{"type":"Feature","properties":{"highway":"footway","osmId":"way/818594990","kind":"path"},"geometry":{"type":"LineString","coordinates":[[-92.019361,34.243528],[-92.019358,34.243256]]}},{"type":"Feature","properties":{"highway":"footway","osmId":"way/818594991","kind":"path"},"geometry":{"type":"LineString","coordinates":[[-92.019361,34.243528],[-92.019575,34.243261],[-92.01992,34.242916]]}},{"type":"Feature","properties":{"highway":"footway","osmId":"way/818594992","kind":"path"},"geometry":{"type":"LineString","coordinates":[[-92.019932,34.243258],[-92.01992,34.242916],[-92.019924,34.242753],[-92.019931,34.242493],[-92.019938,34.242208],[-92.019938,34.241988],[-92.019938,34.241733],[-92.019938,34.241543]]}},{"type":"Feature","properties":{"highway":"footway","osmId":"way/818594993","kind":"path"},"geometry":{"type":"LineString","coordinates":[[-92.019932,34.243258],[-92.020077,34.243261],[-92.020081,34.242919]]}},{"type":"Feature","properties":{"highway":"footway","osmId":"way/818594994","kind":"path"},"geometry":{"type":"LineString","coordinates":[[-92.020555,34.242978],[-92.020549,34.242928],[-92.02056,34.24254]]}},{"type":"Feature","properties":{"highway":"footway","osmId":"way/818594995","kind":"path"},"geometry":{"type":"LineString","coordinates":[[-92.020689,34.242931],[-92.020691,34.242542]]}},{"type":"Feature","properties":{"highway":"footway","osmId":"way/818594996","kind":"path"},"geometry":{"type":"LineString","coordinates":[[-92.019924,34.242753],[-92.020359,34.242442],[-92.020545,34.24231]]}},{"type":"Feature","properties":{"highway":"footway","osmId":"way/818594997","kind":"path"},"geometry":{"type":"LineString","coordinates":[[-92.019241,34.242895],[-92.019307,34.242855],[-92.019421,34.242909]]}},{"type":"Feature","properties":{"highway":"footway","osmId":"way/818594998","kind":"path"},"geometry":{"type":"LineString","coordinates":[[-92.019307,34.242855],[-92.019311,34.24266],[-92.019319,34.242229],[-92.019321,34.241886],[-92.01932,34.241523],[-92.01935,34.241114]]}},{"type":"Feature","properties":{"highway":"footway","osmId":"way/818594999","kind":"path"},"geometry":{"type":"LineString","coordinates":[[-92.018725,34.241519],[-92.018787,34.241519],[-92.01932,34.241523],[-92.019782,34.241546],[-92.019938,34.241543],[-92.020652,34.241551],[-92.021133,34.241563],[-92.021345,34.241563],[-92.021429,34.241565],[-92.02144,34.241228]]}},{"type":"Feature","properties":{"highway":"footway","osmId":"way/818595000","kind":"path"},"geometry":{"type":"LineString","coordinates":[[-92.020652,34.241551],[-92.020652,34.2412]]}},{"type":"Feature","properties":{"highway":"footway","osmId":"way/818595001","kind":"path"},"geometry":{"type":"LineString","coordinates":[[-92.020652,34.241551],[-92.020577,34.241643],[-92.020573,34.241965],[-92.020586,34.242036],[-92.020631,34.242058],[-92.020631,34.242148]]}},{"type":"Feature","properties":{"highway":"footway","osmId":"way/818595002","kind":"path"},"geometry":{"type":"LineString","coordinates":[[-92.020631,34.242058],[-92.020679,34.242033],[-92.020693,34.241966],[-92.020698,34.241645],[-92.020652,34.241551]]}},{"type":"Feature","properties":{"highway":"footway","osmId":"way/818595003","kind":"path"},"geometry":{"type":"LineString","coordinates":[[-92.020722,34.242183],[-92.020882,34.242048],[-92.021033,34.241928],[-92.021133,34.24185],[-92.021133,34.241563]]}},{"type":"Feature","properties":{"highway":"footway","osmId":"way/818595004","kind":"path"},"geometry":{"type":"LineString","coordinates":[[-92.020534,34.242181],[-92.02037,34.242055],[-92.019938,34.241733]]}},{"type":"Feature","properties":{"highway":"footway","osmId":"way/818595005","kind":"path"},"geometry":{"type":"LineString","coordinates":[[-92.020875,34.242464],[-92.0211,34.242686],[-92.021106,34.242934]]}},{"type":"Feature","properties":{"highway":"footway","osmId":"way/818595006","kind":"path"},"geometry":{"type":"LineString","coordinates":[[-92.019311,34.24266],[-92.019651,34.242571],[-92.019651,34.242483],[-92.019931,34.242493]]}},{"type":"Feature","properties":{"highway":"footway","osmId":"way/818595007","kind":"path"},"geometry":{"type":"LineString","coordinates":[[-92.019938,34.241988],[-92.019708,34.241988],[-92.019616,34.241988]]}},{"type":"Feature","properties":{"highway":"footway","osmId":"way/818595008","kind":"path"},"geometry":{"type":"LineString","coordinates":[[-92.019709,34.242101],[-92.019708,34.241988]]}},{"type":"Feature","properties":{"highway":"footway","osmId":"way/818595009","kind":"path"},"geometry":{"type":"LineString","coordinates":[[-92.020875,34.242464],[-92.020835,34.242492],[-92.02079,34.242514],[-92.020741,34.242531],[-92.020691,34.242542],[-92.020647,34.242546],[-92.020603,34.242545],[-92.02056,34.24254],[-92.020503,34.242526],[-92.020449,34.242505],[-92.020401,34.242477],[-92.020359,34.242442],[-92.02033,34.242409],[-92.020306,34.242372],[-92.020289,34.242333],[-92.020279,34.242293],[-92.020276,34.242251],[-92.02028,34.242208],[-92.020292,34.242166],[-92.020311,34.242126],[-92.020338,34.242089],[-92.02037,34.242055],[-92.020413,34.242022],[-92.020462,34.241996],[-92.020516,34.241977],[-92.020573,34.241965],[-92.020613,34.241962],[-92.020653,34.241962],[-92.020693,34.241966],[-92.020735,34.241974],[-92.020776,34.241987],[-92.020814,34.242004],[-92.020849,34.242024],[-92.020882,34.242048],[-92.020913,34.242078],[-92.020938,34.242111],[-92.020959,34.242146],[-92.020973,34.242183],[-92.020981,34.242222],[-92.020983,34.242261],[-92.020975,34.242317],[-92.020953,34.242372],[-92.02092,34.242421],[-92.020875,34.242464]]}},{"type":"Feature","properties":{"highway":"footway","osmId":"way/818595010","kind":"path"},"geometry":{"type":"LineString","coordinates":[[-92.020983,34.242261],[-92.020722,34.242258]]}},{"type":"Feature","properties":{"highway":"footway","osmId":"way/818595011","kind":"path"},"geometry":{"type":"LineString","coordinates":[[-92.020706,34.242307],[-92.020719,34.242284],[-92.020722,34.242258],[-92.020714,34.242231],[-92.020696,34.242207],[-92.020676,34.242194],[-92.020652,34.242185],[-92.020627,34.242182],[-92.020604,34.242184],[-92.020582,34.24219],[-92.020563,34.2422],[-92.020546,34.242215],[-92.020534,34.242233],[-92.020528,34.242252],[-92.020528,34.242272],[-92.020534,34.242292],[-92.020545,34.24231],[-92.020567,34.242328],[-92.020596,34.24234],[-92.020627,34.242344],[-92.020657,34.242339],[-92.020685,34.242326],[-92.020706,34.242307]]}},{"type":"Feature","properties":{"highway":"footway","osmId":"way/818595012","kind":"path"},"geometry":{"type":"LineString","coordinates":[[-92.020722,34.242183],[-92.020696,34.242207]]}},{"type":"Feature","properties":{"highway":"footway","osmId":"way/818595013","kind":"path"},"geometry":{"type":"LineString","coordinates":[[-92.020631,34.242148],[-92.020627,34.242182]]}},{"type":"Feature","properties":{"highway":"footway","osmId":"way/818595014","kind":"path"},"geometry":{"type":"LineString","coordinates":[[-92.020534,34.242181],[-92.020563,34.2422]]}},{"type":"Feature","properties":{"highway":"footway","osmId":"way/818595015","kind":"path"},"geometry":{"type":"LineString","coordinates":[[-92.020528,34.242252],[-92.020276,34.242251]]}},{"type":"Feature","properties":{"highway":"footway","osmId":"way/818595016","kind":"path"},"geometry":{"type":"LineString","coordinates":[[-92.019319,34.242229],[-92.018966,34.242218],[-92.019321,34.241886]]}},{"type":"Feature","properties":{"highway":"footway","osmId":"way/818595017","kind":"path"},"geometry":{"type":"LineString","coordinates":[[-92.01932,34.241523],[-92.018935,34.24114]]}},{"type":"Feature","properties":{"highway":"footway","osmId":"way/818595018","kind":"path"},"geometry":{"type":"LineString","coordinates":[[-92.021739,34.241892],[-92.021731,34.241985],[-92.021544,34.242219],[-92.021483,34.242223]]}},{"type":"Feature","properties":{"highway":"footway","osmId":"way/818595019","kind":"path"},"geometry":{"type":"LineString","coordinates":[[-92.021544,34.242219],[-92.02154,34.242286],[-92.02152,34.24259]]}},{"type":"Feature","properties":{"highway":"footway","osmId":"way/818595020","kind":"path"},"geometry":{"type":"LineString","coordinates":[[-92.02154,34.242286],[-92.021664,34.242491]]}},{"type":"Feature","properties":{"highway":"footway","osmId":"way/818595021","kind":"path"},"geometry":{"type":"LineString","coordinates":[[-92.021651,34.242668],[-92.021664,34.242491],[-92.021707,34.24217],[-92.021724,34.242044],[-92.021731,34.241985]]}},{"type":"Feature","properties":{"highway":"footway","osmId":"way/818595022","kind":"path"},"geometry":{"type":"LineString","coordinates":[[-92.021707,34.24217],[-92.021892,34.242168],[-92.022078,34.242166]]}},{"type":"Feature","properties":{"highway":"footway","osmId":"way/818595023","kind":"path"},"geometry":{"type":"LineString","coordinates":[[-92.021724,34.242044],[-92.0219,34.242046],[-92.022079,34.242049]]}},{"type":"Feature","properties":{"highway":"footway","osmId":"way/818595024","kind":"path"},"geometry":{"type":"LineString","coordinates":[[-92.021953,34.241589],[-92.021949,34.241629],[-92.021929,34.241812],[-92.0219,34.242046],[-92.021892,34.242168],[-92.021892,34.242303],[-92.021883,34.242466],[-92.021881,34.242502],[-92.021945,34.242635],[-92.021829,34.242743]]}},{"type":"Feature","properties":{"highway":"footway","osmId":"way/818595025","kind":"path"},"geometry":{"type":"LineString","coordinates":[[-92.02186,34.242841],[-92.021999,34.242841],[-92.022,34.242734],[-92.022002,34.242635],[-92.021945,34.242635]]}},{"type":"Feature","properties":{"highway":"footway","osmId":"way/818595026","kind":"path"},"geometry":{"type":"LineString","coordinates":[[-92.022,34.242734],[-92.021829,34.242743]]}},{"type":"Feature","properties":{"highway":"footway","osmId":"way/818595028","kind":"path"},"geometry":{"type":"LineString","coordinates":[[-92.02186,34.24181],[-92.021929,34.241812],[-92.022122,34.241812],[-92.022178,34.241812],[-92.022414,34.241812],[-92.022582,34.241812]]}},{"type":"Feature","properties":{"footway":"sidewalk","highway":"footway","osmId":"way/818595029","kind":"path"},"geometry":{"type":"LineString","coordinates":[[-92.021739,34.241892],[-92.021804,34.241872],[-92.02186,34.24181],[-92.021857,34.241726],[-92.02186,34.241591]]}},{"type":"Feature","properties":{"footway":"sidewalk","highway":"footway","osmId":"way/818595030","kind":"path"},"geometry":{"type":"LineString","coordinates":[[-92.021651,34.242668],[-92.021729,34.242692],[-92.021828,34.242739],[-92.021829,34.242743],[-92.02186,34.242841],[-92.021838,34.242949]]}},{"type":"Feature","properties":{"highway":"footway","osmId":"way/818595031","kind":"path"},"geometry":{"type":"LineString","coordinates":[[-92.021838,34.242949],[-92.0221,34.242953],[-92.022123,34.242953]]}},{"type":"Feature","properties":{"highway":"footway","osmId":"way/818595032","kind":"path"},"geometry":{"type":"LineString","coordinates":[[-92.022313,34.24323],[-92.022106,34.243223],[-92.022111,34.243115]]}},{"type":"Feature","properties":{"highway":"footway","osmId":"way/818595033","kind":"path"},"geometry":{"type":"LineString","coordinates":[[-92.022007,34.243223],[-92.022111,34.243115],[-92.022221,34.243064],[-92.022569,34.243066]]}},{"type":"Feature","properties":{"footway":"sidewalk","highway":"footway","osmId":"way/818595034","kind":"path"},"geometry":{"type":"LineString","coordinates":[[-92.021883,34.242466],[-92.022064,34.242496]]}},{"type":"Feature","properties":{"highway":"footway","osmId":"way/818595035","kind":"path"},"geometry":{"type":"LineString","coordinates":[[-92.022064,34.242496],[-92.022064,34.242418],[-92.021994,34.242415],[-92.021997,34.242308],[-92.021892,34.242303]]}},{"type":"Feature","properties":{"highway":"footway","osmId":"way/818595036","kind":"path"},"geometry":{"type":"LineString","coordinates":[[-92.022064,34.242418],[-92.022106,34.242418],[-92.022104,34.242335]]}},{"type":"Feature","properties":{"footway":"sidewalk","highway":"footway","osmId":"way/818595037","kind":"path"},"geometry":{"type":"LineString","coordinates":[[-92.02186,34.241591],[-92.021823,34.241593]]}},{"type":"Feature","properties":{"highway":"footway","osmId":"way/818595038","kind":"path"},"geometry":{"type":"LineString","coordinates":[[-92.022111,34.243115],[-92.0221,34.242953]]}},{"type":"Feature","properties":{"highway":"footway","osmId":"way/818595039","kind":"path"},"geometry":{"type":"LineString","coordinates":[[-92.019782,34.241546],[-92.019787,34.241146]]}},{"type":"Feature","properties":{"highway":"footway","osmId":"way/818595040","kind":"path"},"geometry":{"type":"LineString","coordinates":[[-92.021323,34.243517],[-92.021323,34.243356]]}},{"type":"Feature","properties":{"highway":"footway","osmId":"way/818595041","kind":"path"},"geometry":{"type":"LineString","coordinates":[[-92.020919,34.243631],[-92.020923,34.243386]]}},{"type":"Feature","properties":{"highway":"footway","osmId":"way/818595042","kind":"path"},"geometry":{"type":"LineString","coordinates":[[-92.020188,34.243839],[-92.020207,34.24357]]}},{"type":"Feature","properties":{"highway":"footway","osmId":"way/818595043","kind":"path"},"geometry":{"type":"LineString","coordinates":[[-92.01985,34.243832],[-92.019887,34.243608]]}},{"type":"Feature","properties":{"highway":"footway","osmId":"way/818595044","kind":"path"},"geometry":{"type":"LineString","coordinates":[[-92.020878,34.243757],[-92.020889,34.243838],[-92.020945,34.244277]]}},{"type":"Feature","properties":{"highway":"footway","osmId":"way/818595045","kind":"path"},"geometry":{"type":"LineString","coordinates":[[-92.020889,34.243838],[-92.020717,34.243819],[-92.020631,34.243819],[-92.020399,34.243832]]}},{"type":"Feature","properties":{"highway":"footway","osmId":"way/818595046","kind":"path"},"geometry":{"type":"LineString","coordinates":[[-92.020713,34.243891],[-92.020717,34.243819]]}},{"type":"Feature","properties":{"highway":"footway","osmId":"way/818595047","kind":"path"},"geometry":{"type":"LineString","coordinates":[[-92.020626,34.243889],[-92.020631,34.243819]]}},{"type":"Feature","properties":{"footway":"sidewalk","highway":"footway","osmId":"way/818595048","kind":"path"},"geometry":{"type":"LineString","coordinates":[[-92.02144,34.24335],[-92.021323,34.243356],[-92.021206,34.243369],[-92.020982,34.243384],[-92.020923,34.243386],[-92.02079,34.243406],[-92.020207,34.24357],[-92.020111,34.243617],[-92.019887,34.243608],[-92.019496,34.24361],[-92.019205,34.243609],[-92.019178,34.243608],[-92.018656,34.243588],[-92.018485,34.243586],[-92.018391,34.24359],[-92.01834,34.243597],[-92.018334,34.243598],[-92.018287,34.243621],[-92.018263,34.243664],[-92.018052,34.244232],[-92.017975,34.244432],[-92.017998,34.244491],[-92.018008,34.244505]]}},{"type":"Feature","properties":{"highway":"footway","osmId":"way/818595049","kind":"path"},"geometry":{"type":"LineString","coordinates":[[-92.019205,34.243609],[-92.018882,34.243902]]}},{"type":"Feature","properties":{"highway":"footway","osmId":"way/818595050","kind":"path"},"geometry":{"type":"LineString","coordinates":[[-92.018287,34.243621],[-92.018553,34.243834]]}},{"type":"Feature","properties":{"highway":"footway","osmId":"way/818595051","kind":"path"},"geometry":{"type":"LineString","coordinates":[[-92.018656,34.243588],[-92.018652,34.243751]]}},{"type":"Feature","properties":{"highway":"footway","osmId":"way/818595052","kind":"path"},"geometry":{"type":"LineString","coordinates":[[-92.021669,34.243953],[-92.021827,34.243966]]}},{"type":"Feature","properties":{"footway":"sidewalk","highway":"footway","osmId":"way/818595053","kind":"path"},"geometry":{"type":"LineString","coordinates":[[-92.023121,34.244339],[-92.022948,34.244365],[-92.022747,34.244396]]}},{"type":"Feature","properties":{"crossing":"marked","crossing:markings":"zebra","footway":"crossing","highway":"footway","horse":"no","surface":"asphalt","osmId":"way/818595054","kind":"path"},"geometry":{"type":"LineString","coordinates":[[-92.022747,34.244396],[-92.022689,34.244414],[-92.022634,34.24443]]}},{"type":"Feature","properties":{"footway":"sidewalk","highway":"footway","osmId":"way/818595055","kind":"path"},"geometry":{"type":"LineString","coordinates":[[-92.022634,34.24443],[-92.022563,34.244454],[-92.022404,34.244536],[-92.02226,34.244575],[-92.022064,34.244577],[-92.021902,34.244581]]}},{"type":"Feature","properties":{"highway":"service","osmId":"way/818595056","kind":"road"},"geometry":{"type":"LineString","coordinates":[[-92.021812,34.244628],[-92.021819,34.244581],[-92.021836,34.244463]]}},{"type":"Feature","properties":{"footway":"sidewalk","highway":"footway","osmId":"way/818595057","kind":"path"},"geometry":{"type":"LineString","coordinates":[[-92.021902,34.244581],[-92.021819,34.244581],[-92.021732,34.244577],[-92.021104,34.244571],[-92.020557,34.24455]]}},{"type":"Feature","properties":{"highway":"service","osmId":"way/818595058","kind":"road"},"geometry":{"type":"LineString","coordinates":[[-92.020515,34.244452],[-92.020518,34.244552],[-92.020518,34.244602]]}},{"type":"Feature","properties":{"crossing":"marked","crossing:markings":"zebra","footway":"crossing","highway":"footway","horse":"no","surface":"asphalt","osmId":"way/818595059","kind":"path"},"geometry":{"type":"LineString","coordinates":[[-92.020557,34.24455],[-92.020518,34.244552],[-92.020446,34.244544]]}},{"type":"Feature","properties":{"footway":"sidewalk","highway":"footway","osmId":"way/818595060","kind":"path"},"geometry":{"type":"LineString","coordinates":[[-92.020446,34.244544],[-92.019533,34.244535]]}},{"type":"Feature","properties":{"crossing":"marked","crossing:markings":"zebra","footway":"crossing","highway":"footway","horse":"no","surface":"asphalt","osmId":"way/818595061","kind":"path"},"geometry":{"type":"LineString","coordinates":[[-92.019533,34.244535],[-92.019513,34.244536],[-92.019455,34.244534],[-92.019439,34.244533]]}},{"type":"Feature","properties":{"footway":"sidewalk","highway":"footway","osmId":"way/818595062","kind":"path"},"geometry":{"type":"LineString","coordinates":[[-92.019439,34.244533],[-92.019415,34.244534],[-92.018008,34.244505]]}},{"type":"Feature","properties":{"highway":"footway","osmId":"way/818595668","kind":"path"},"geometry":{"type":"LineString","coordinates":[[-92.020955,34.240948],[-92.020957,34.240874],[-92.020959,34.240839],[-92.020961,34.240769]]}},{"type":"Feature","properties":{"highway":"footway","osmId":"way/818595669","kind":"path"},"geometry":{"type":"LineString","coordinates":[[-92.02153,34.240837],[-92.021146,34.240839],[-92.021079,34.240875],[-92.020957,34.240874]]}},{"type":"Feature","properties":{"highway":"footway","osmId":"way/818595670","kind":"path"},"geometry":{"type":"LineString","coordinates":[[-92.020959,34.240839],[-92.020753,34.240835],[-92.020388,34.240828],[-92.020351,34.240852]]}},{"type":"Feature","properties":{"highway":"footway","osmId":"way/818595671","kind":"path"},"geometry":{"type":"LineString","coordinates":[[-92.020749,34.240946],[-92.020753,34.240835],[-92.020753,34.240766]]}},{"type":"Feature","properties":{"highway":"footway","osmId":"way/818595672","kind":"path"},"geometry":{"type":"LineString","coordinates":[[-92.020966,34.2406],[-92.020963,34.240443]]}},{"type":"Feature","properties":{"highway":"footway","osmId":"way/818595673","kind":"path"},"geometry":{"type":"LineString","coordinates":[[-92.020762,34.240598],[-92.020766,34.240447]]}},{"type":"Feature","properties":{"footway":"sidewalk","highway":"footway","osmId":"way/818595674","kind":"path"},"geometry":{"type":"LineString","coordinates":[[-92.021509,34.240451],[-92.020963,34.240443],[-92.020766,34.240447],[-92.019245,34.24042]]}},{"type":"Feature","properties":{"crossing":"unmarked","crossing:markings":"no","footway":"crossing","highway":"footway","horse":"no","surface":"concrete","osmId":"way/818595675","kind":"path"},"geometry":{"type":"LineString","coordinates":[[-92.019245,34.24042],[-92.019204,34.240419],[-92.019147,34.240421]]}},{"type":"Feature","properties":{"footway":"sidewalk","highway":"footway","osmId":"way/818595676","kind":"path"},"geometry":{"type":"LineString","coordinates":[[-92.019147,34.240421],[-92.018957,34.240431],[-92.018774,34.240429]]}},{"type":"Feature","properties":{"highway":"footway","osmId":"way/818595677","kind":"path"},"geometry":{"type":"LineString","coordinates":[[-92.019066,34.24058],[-92.018957,34.240431]]}},{"type":"Feature","properties":{"highway":"footway","osmId":"way/818600611","kind":"path"},"geometry":{"type":"LineString","coordinates":[[-92.02186,34.241591],[-92.021953,34.241589],[-92.022027,34.241587]]}},{"type":"Feature","properties":{"highway":"footway","osmId":"way/818600612","kind":"path"},"geometry":{"type":"LineString","coordinates":[[-92.021949,34.241629],[-92.0221,34.241769],[-92.022163,34.241786],[-92.022178,34.241812]]}},{"type":"Feature","properties":{"highway":"footway","osmId":"way/818600613","kind":"path"},"geometry":{"type":"LineString","coordinates":[[-92.0226,34.241071],[-92.022582,34.241613],[-92.02241,34.241614]]}},{"type":"Feature","properties":{"highway":"footway","osmId":"way/818600614","kind":"path"},"geometry":{"type":"LineString","coordinates":[[-92.022582,34.241613],[-92.022582,34.24176],[-92.022582,34.241812]]}},{"type":"Feature","properties":{"highway":"footway","osmId":"way/818600615","kind":"path"},"geometry":{"type":"LineString","coordinates":[[-92.022845,34.241421],[-92.022766,34.241422],[-92.022717,34.241423],[-92.02272,34.24176]]}},{"type":"Feature","properties":{"highway":"footway","osmId":"way/818600616","kind":"path"},"geometry":{"type":"LineString","coordinates":[[-92.022766,34.241422],[-92.022774,34.241201],[-92.02275,34.241071]]}},{"type":"Feature","properties":{"highway":"footway","osmId":"way/818600617","kind":"path"},"geometry":{"type":"LineString","coordinates":[[-92.02272,34.24176],[-92.022582,34.24176]]}},{"type":"Feature","properties":{"highway":"service","osmId":"way/818600622","kind":"road"},"geometry":{"type":"LineString","coordinates":[[-92.02344,34.245531],[-92.02405,34.24554],[-92.024191,34.245566],[-92.024317,34.245566],[-92.024494,34.245416],[-92.024363,34.245307],[-92.024193,34.245401],[-92.02405,34.24554]]}},{"type":"Feature","properties":{"highway":"service","osmId":"way/818600623","kind":"road"},"geometry":{"type":"LineString","coordinates":[[-92.024193,34.245401],[-92.02422,34.245437],[-92.024241,34.245526],[-92.024191,34.245566]]}},{"type":"Feature","properties":{"highway":"service","service":"parking_aisle","osmId":"way/818600624","kind":"road"},"geometry":{"type":"LineString","coordinates":[[-92.024363,34.245307],[-92.024323,34.245248],[-92.023894,34.244895],[-92.023728,34.245018],[-92.024193,34.245401]]}},{"type":"Feature","properties":{"highway":"service","service":"parking_aisle","osmId":"way/818600625","kind":"road"},"geometry":{"type":"LineString","coordinates":[[-92.024494,34.245416],[-92.025346,34.246119]]}},{"type":"Feature","properties":{"highway":"service","oneway":"yes","service":"parking_aisle","osmId":"way/818600630","kind":"road"},"geometry":{"type":"LineString","coordinates":[[-92.023425,34.246921],[-92.023217,34.247083],[-92.023215,34.247374],[-92.023416,34.247385]]}},{"type":"Feature","properties":{"highway":"service","oneway":"yes","service":"parking_aisle","osmId":"way/818600631","kind":"road"},"geometry":{"type":"LineString","coordinates":[[-92.023217,34.247083],[-92.022369,34.247053],[-92.022382,34.247383],[-92.023215,34.247374]]}},{"type":"Feature","properties":{"highway":"service","osmId":"way/818600637","kind":"road"},"geometry":{"type":"LineString","coordinates":[[-92.02134,34.248721],[-92.021326,34.248269],[-92.021657,34.248264]]}},{"type":"Feature","properties":{"highway":"footway","osmId":"way/819115502","kind":"path"},"geometry":{"type":"LineString","coordinates":[[-92.022112,34.241892],[-92.022122,34.241812]]}},{"type":"Feature","properties":{"highway":"service","osmId":"way/833522256","kind":"road"},"geometry":{"type":"LineString","coordinates":[[-92.029282,34.238886],[-92.029381,34.239015],[-92.029384,34.239056],[-92.029368,34.239459],[-92.029366,34.239519],[-92.029346,34.240024],[-92.029361,34.240163],[-92.029441,34.240248],[-92.02969,34.240264]]}},{"type":"Feature","properties":{"highway":"service","osmId":"way/833522257","kind":"road"},"geometry":{"type":"LineString","coordinates":[[-92.029084,34.239004],[-92.029187,34.239146],[-92.029182,34.239453],[-92.029181,34.239485],[-92.029132,34.239579],[-92.029057,34.239614],[-92.028638,34.239607],[-92.028569,34.239555],[-92.02854,34.239506],[-92.028471,34.239393]]}},{"type":"Feature","properties":{"highway":"service","osmId":"way/833522258","kind":"road"},"geometry":{"type":"LineString","coordinates":[[-92.029368,34.239459],[-92.029182,34.239453],[-92.028678,34.239442],[-92.02854,34.239506],[-92.028411,34.239549],[-92.028381,34.239629],[-92.028381,34.239845]]}},{"type":"Feature","properties":{"highway":"service","osmId":"way/833522259","kind":"road"},"geometry":{"type":"LineString","coordinates":[[-92.029399,34.238816],[-92.029403,34.238414],[-92.029378,34.238361],[-92.029308,34.238327],[-92.028627,34.238332],[-92.028105,34.238303]]}},{"type":"Feature","properties":{"highway":"service","oneway":"yes","osmId":"way/833522260","kind":"road"},"geometry":{"type":"LineString","coordinates":[[-92.030697,34.238692],[-92.030695,34.238477],[-92.030643,34.238427],[-92.030533,34.238412],[-92.029661,34.238403],[-92.029589,34.238427],[-92.029555,34.238498],[-92.029546,34.238776]]}},{"type":"Feature","properties":{"highway":"service","service":"driveway","osmId":"way/835643756","kind":"road"},"geometry":{"type":"LineString","coordinates":[[-92.015615,34.254544],[-92.014619,34.254449]]}},{"type":"Feature","properties":{"highway":"service","osmId":"way/835643757","kind":"road"},"geometry":{"type":"LineString","coordinates":[[-92.016294,34.253725],[-92.015677,34.253574],[-92.015397,34.253526],[-92.015255,34.253563],[-92.015077,34.253736],[-92.01497,34.253931],[-92.014908,34.254011],[-92.014774,34.254041],[-92.014543,34.254074],[-92.014343,34.254045]]}},{"type":"Feature","properties":{"highway":"service","osmId":"way/836776408","kind":"road"},"geometry":{"type":"LineString","coordinates":[[-92.031528,34.244698],[-92.031536,34.244598],[-92.031532,34.244351],[-92.031539,34.244168],[-92.031538,34.244086]]}},{"type":"Feature","properties":{"highway":"service","osmId":"way/837804848","kind":"road"},"geometry":{"type":"LineString","coordinates":[[-92.027759,34.252111],[-92.027794,34.252037],[-92.027799,34.251916],[-92.027819,34.25147],[-92.027847,34.251272],[-92.027881,34.251091],[-92.027926,34.251007],[-92.027996,34.250949],[-92.028061,34.250919]]}},{"type":"Feature","properties":{"highway":"service","source":"digitalglobe","osmId":"way/838089261","kind":"road"},"geometry":{"type":"LineString","coordinates":[[-92.024093,34.246327],[-92.023432,34.246313]]}},{"type":"Feature","properties":{"highway":"service","oneway":"yes","service":"parking_aisle","osmId":"way/875990314","kind":"road"},"geometry":{"type":"LineString","coordinates":[[-92.019484,34.24442],[-92.019453,34.24446],[-92.019455,34.244534],[-92.019486,34.244599]]}},{"type":"Feature","properties":{"highway":"service","osmId":"way/878157509","kind":"road"},"geometry":{"type":"LineString","coordinates":[[-92.022888,34.25163],[-92.022456,34.251618]]}},{"type":"Feature","properties":{"highway":"service","osmId":"way/886091907","kind":"road"},"geometry":{"type":"LineString","coordinates":[[-92.017455,34.248927],[-92.017657,34.248933],[-92.017699,34.24891],[-92.017726,34.248865],[-92.017723,34.248632],[-92.017683,34.248573],[-92.017645,34.248554],[-92.017458,34.248547]]}},{"type":"Feature","properties":{"highway":"service","osmId":"way/886091908","kind":"road"},"geometry":{"type":"LineString","coordinates":[[-92.017455,34.248972],[-92.016681,34.248958]]}},{"type":"Feature","properties":{"highway":"service","osmId":"way/886091909","kind":"road"},"geometry":{"type":"LineString","coordinates":[[-92.017457,34.248635],[-92.017182,34.248619],[-92.017011,34.248542],[-92.016998,34.24848],[-92.01702,34.248347],[-92.017062,34.248262],[-92.017147,34.24821],[-92.017254,34.248193],[-92.017475,34.248181]]}},{"type":"Feature","properties":{"highway":"service","osmId":"way/886091910","kind":"road"},"geometry":{"type":"LineString","coordinates":[[-92.017482,34.247985],[-92.017723,34.247997],[-92.017771,34.247983],[-92.017794,34.247945],[-92.017799,34.247788],[-92.017765,34.247743],[-92.017694,34.247719],[-92.017492,34.247716]]}},{"type":"Feature","properties":{"highway":"service","osmId":"way/886091911","kind":"road"},"geometry":{"type":"LineString","coordinates":[[-92.017488,34.247828],[-92.017351,34.247817],[-92.01731,34.247789],[-92.017309,34.247719],[-92.017313,34.247591],[-92.017318,34.247409],[-92.01732,34.247322],[-92.017347,34.247271],[-92.017378,34.247248],[-92.017508,34.247222]]}},{"type":"Feature","properties":{"highway":"service","osmId":"way/886091912","kind":"road"},"geometry":{"type":"LineString","coordinates":[[-92.017503,34.247406],[-92.017318,34.247409]]}},{"type":"Feature","properties":{"highway":"service","osmId":"way/886091913","kind":"road"},"geometry":{"type":"LineString","coordinates":[[-92.017497,34.247592],[-92.017313,34.247591]]}},{"type":"Feature","properties":{"highway":"service","osmId":"way/887718488","kind":"road"},"geometry":{"type":"LineString","coordinates":[[-92.02132,34.251469],[-92.021771,34.251485]]}},{"type":"Feature","properties":{"highway":"service","osmId":"way/887718489","kind":"road"},"geometry":{"type":"LineString","coordinates":[[-92.022641,34.250092],[-92.022688,34.250163],[-92.022912,34.250429]]}},{"type":"Feature","properties":{"highway":"service","osmId":"way/887718490","kind":"road"},"geometry":{"type":"LineString","coordinates":[[-92.022634,34.250655],[-92.022244,34.250899]]}},{"type":"Feature","properties":{"highway":"service","osmId":"way/887718491","kind":"road"},"geometry":{"type":"LineString","coordinates":[[-92.022337,34.250311],[-92.022076,34.250473]]}},{"type":"Feature","properties":{"highway":"service","osmId":"way/899782808","kind":"road"},"geometry":{"type":"LineString","coordinates":[[-92.018598,34.24005],[-92.017465,34.24007],[-92.017137,34.240066]]}},{"type":"Feature","properties":{"highway":"service","service":"parking_aisle","osmId":"way/909647830","kind":"road"},"geometry":{"type":"LineString","coordinates":[[-92.023429,34.246582],[-92.023609,34.246584],[-92.02361,34.247051]]}},{"type":"Feature","properties":{"highway":"service","name":"Carver Street","osmId":"way/909647831","kind":"road"},"geometry":{"type":"LineString","coordinates":[[-92.023423,34.247046],[-92.02361,34.247051],[-92.023844,34.247056],[-92.024423,34.247071]]}},{"type":"Feature","properties":{"highway":"service","service":"parking_aisle","osmId":"way/909647832","kind":"road"},"geometry":{"type":"LineString","coordinates":[[-92.023127,34.248715],[-92.023125,34.248856],[-92.023118,34.249434],[-92.022883,34.249431],[-92.022685,34.249429],[-92.022534,34.249428],[-92.022535,34.24885],[-92.022536,34.24872]]}},{"type":"Feature","properties":{"highway":"service","osmId":"way/909825852","kind":"road"},"geometry":{"type":"LineString","coordinates":[[-92.025548,34.238374],[-92.02553,34.238452],[-92.025509,34.23849],[-92.025497,34.238518],[-92.025486,34.238739],[-92.025483,34.238827],[-92.025473,34.238861],[-92.025437,34.238875],[-92.025307,34.238875]]}},{"type":"Feature","properties":{"highway":"service","osmId":"way/909829069","kind":"road"},"geometry":{"type":"LineString","coordinates":[[-92.024446,34.252215],[-92.024434,34.252029],[-92.02442,34.252004],[-92.024384,34.251996],[-92.023367,34.25201]]}},{"type":"Feature","properties":{"highway":"service","osmId":"way/909829070","kind":"road"},"geometry":{"type":"LineString","coordinates":[[-92.024384,34.251996],[-92.024368,34.251928],[-92.024346,34.251876],[-92.024345,34.251833],[-92.024348,34.25151]]}},{"type":"Feature","properties":{"highway":"service","osmId":"way/909829071","kind":"road"},"geometry":{"type":"LineString","coordinates":[[-92.023587,34.252231],[-92.02359,34.252347],[-92.0236,34.252684],[-92.02362,34.252727],[-92.023656,34.252762],[-92.023704,34.252779],[-92.024675,34.252761],[-92.024697,34.252748],[-92.024711,34.252721],[-92.024711,34.25266],[-92.024702,34.252361],[-92.024679,34.252344],[-92.024658,34.252339],[-92.024454,34.252341],[-92.02359,34.252347]]}},{"type":"Feature","properties":{"highway":"service","osmId":"way/909829072","kind":"road"},"geometry":{"type":"LineString","coordinates":[[-92.024454,34.252341],[-92.024446,34.252215]]}},{"type":"Feature","properties":{"access":"private","highway":"service","osmId":"way/909829073","kind":"road"},"geometry":{"type":"LineString","coordinates":[[-92.0229,34.252166],[-92.022729,34.252316],[-92.02259,34.252438]]}},{"type":"Feature","properties":{"access":"private","highway":"service","oneway":"yes","osmId":"way/909829074","kind":"road"},"geometry":{"type":"LineString","coordinates":[[-92.017264,34.252417],[-92.017432,34.252477],[-92.017581,34.252532],[-92.017711,34.25252]]}},{"type":"Feature","properties":{"access":"private","highway":"service","oneway":"yes","osmId":"way/909829075","kind":"road"},"geometry":{"type":"LineString","coordinates":[[-92.017647,34.252427],[-92.0175,34.252371],[-92.017324,34.252301]]}},{"type":"Feature","properties":{"highway":"service","osmId":"way/909829076","kind":"road"},"geometry":{"type":"LineString","coordinates":[[-92.017647,34.252427],[-92.017632,34.252346],[-92.017651,34.252284],[-92.017713,34.25216],[-92.017801,34.25198],[-92.017899,34.251783],[-92.017957,34.251724],[-92.017996,34.251703],[-92.018069,34.251705],[-92.018102,34.251708],[-92.018423,34.251741],[-92.018754,34.251775],[-92.019171,34.251817],[-92.019381,34.251839],[-92.019482,34.251849],[-92.019551,34.25186],[-92.020043,34.251957],[-92.020269,34.252001],[-92.0206,34.252073],[-92.021004,34.25216]]}},{"type":"Feature","properties":{"highway":"service","oneway":"yes","osmId":"way/909829077","kind":"road"},"geometry":{"type":"LineString","coordinates":[[-92.021076,34.25184],[-92.021002,34.252062],[-92.021004,34.25216]]}},{"type":"Feature","properties":{"highway":"service","oneway":"yes","osmId":"way/909829078","kind":"road"},"geometry":{"type":"LineString","coordinates":[[-92.021004,34.25216],[-92.021081,34.252077],[-92.021157,34.251858]]}},{"type":"Feature","properties":{"highway":"service","osmId":"way/909829079","kind":"road"},"geometry":{"type":"LineString","coordinates":[[-92.02156,34.252285],[-92.022116,34.252368],[-92.022356,34.252404],[-92.02259,34.252438]]}},{"type":"Feature","properties":{"highway":"service","osmId":"way/909829080","kind":"road"},"geometry":{"type":"LineString","coordinates":[[-92.019982,34.25273],[-92.020058,34.252665],[-92.020157,34.252581],[-92.020325,34.252432],[-92.020469,34.252305],[-92.02056,34.252224],[-92.020586,34.252177],[-92.0206,34.252073]]}},{"type":"Feature","properties":{"highway":"service","osmId":"way/909829081","kind":"road"},"geometry":{"type":"LineString","coordinates":[[-92.02259,34.252438],[-92.022768,34.252468],[-92.023063,34.252516],[-92.023252,34.252546],[-92.023282,34.252564],[-92.023288,34.25257],[-92.023294,34.252712],[-92.023282,34.252742],[-92.023254,34.25277],[-92.022751,34.25319],[-92.022699,34.253213],[-92.022661,34.253213],[-92.022606,34.253192],[-92.022555,34.253146],[-92.022412,34.253018],[-92.022272,34.252887],[-92.022157,34.252784]]}},{"type":"Feature","properties":{"highway":"service","osmId":"way/909829082","kind":"road"},"geometry":{"type":"LineString","coordinates":[[-92.02259,34.252438],[-92.022157,34.252784],[-92.022017,34.252668],[-92.021872,34.252546],[-92.02156,34.252285],[-92.021004,34.25216],[-92.020927,34.252211],[-92.020877,34.252252],[-92.020293,34.252734],[-92.020237,34.252746],[-92.020191,34.252747],[-92.019982,34.25273],[-92.019793,34.252728],[-92.019439,34.252722],[-92.019116,34.252718],[-92.018787,34.252713],[-92.018451,34.252708],[-92.018106,34.252703],[-92.01801,34.252679],[-92.017875,34.25264],[-92.017711,34.25252],[-92.017679,34.252473],[-92.017647,34.252427]]}},{"type":"Feature","properties":{"highway":"service","osmId":"way/910040313","kind":"road"},"geometry":{"type":"LineString","coordinates":[[-92.019274,34.239304],[-92.019272,34.239507],[-92.019033,34.239496],[-92.018872,34.2396],[-92.018816,34.239732],[-92.018812,34.239881],[-92.018812,34.239891],[-92.018804,34.2402],[-92.018818,34.240224]]}},{"type":"Feature","properties":{"highway":"service","osmId":"way/910040314","kind":"road"},"geometry":{"type":"LineString","coordinates":[[-92.01902,34.240227],[-92.019021,34.240329]]}},{"type":"Feature","properties":{"highway":"service","oneway":"yes","osmId":"way/910040315","kind":"road"},"geometry":{"type":"LineString","coordinates":[[-92.018818,34.240224],[-92.01902,34.240227]]}},{"type":"Feature","properties":{"highway":"service","osmId":"way/910040316","kind":"road"},"geometry":{"type":"LineString","coordinates":[[-92.019049,34.239895],[-92.018812,34.239891],[-92.0186,34.239902]]}},{"type":"Feature","properties":{"highway":"service","osmId":"way/910040317","kind":"road"},"geometry":{"type":"LineString","coordinates":[[-92.019272,34.239507],[-92.019269,34.239769],[-92.019419,34.239772],[-92.01942,34.239508],[-92.019272,34.239507]]}},{"type":"Feature","properties":{"highway":"service","osmId":"way/910311420","kind":"road"},"geometry":{"type":"LineString","coordinates":[[-92.02995,34.24057],[-92.029887,34.240817],[-92.029845,34.240855],[-92.029782,34.24087],[-92.029615,34.240852]]}},{"type":"Feature","properties":{"highway":"service","osmId":"way/923328758","kind":"road"},"geometry":{"type":"LineString","coordinates":[[-92.022742,34.237639],[-92.022356,34.237637]]}},{"type":"Feature","properties":{"highway":"service","osmId":"way/951177555","kind":"road"},"geometry":{"type":"LineString","coordinates":[[-92.01826,34.243375],[-92.018096,34.24335],[-92.017997,34.243356],[-92.017856,34.243348],[-92.017153,34.243179]]}},{"type":"Feature","properties":{"highway":"service","service":"parking_aisle","osmId":"way/970262402","kind":"road"},"geometry":{"type":"LineString","coordinates":[[-92.018451,34.252708],[-92.018114,34.252446],[-92.017713,34.25216]]}},{"type":"Feature","properties":{"highway":"service","service":"parking_aisle","osmId":"way/970262403","kind":"road"},"geometry":{"type":"LineString","coordinates":[[-92.018787,34.252713],[-92.017801,34.25198]]}},{"type":"Feature","properties":{"highway":"service","service":"parking_aisle","osmId":"way/970262404","kind":"road"},"geometry":{"type":"LineString","coordinates":[[-92.019116,34.252718],[-92.017899,34.251783]]}},{"type":"Feature","properties":{"highway":"service","service":"parking_aisle","osmId":"way/970262405","kind":"road"},"geometry":{"type":"LineString","coordinates":[[-92.019439,34.252722],[-92.018102,34.251708]]}},{"type":"Feature","properties":{"highway":"service","service":"parking_aisle","osmId":"way/970262406","kind":"road"},"geometry":{"type":"LineString","coordinates":[[-92.019793,34.252728],[-92.018423,34.251741]]}},{"type":"Feature","properties":{"highway":"service","service":"parking_aisle","osmId":"way/970262407","kind":"road"},"geometry":{"type":"LineString","coordinates":[[-92.020058,34.252665],[-92.018754,34.251775]]}},{"type":"Feature","properties":{"highway":"service","service":"parking_aisle","osmId":"way/970262408","kind":"road"},"geometry":{"type":"LineString","coordinates":[[-92.020157,34.252581],[-92.019171,34.251817]]}},{"type":"Feature","properties":{"highway":"service","service":"parking_aisle","osmId":"way/970262409","kind":"road"},"geometry":{"type":"LineString","coordinates":[[-92.020325,34.252432],[-92.019551,34.25186]]}},{"type":"Feature","properties":{"highway":"service","service":"parking_aisle","osmId":"way/970262410","kind":"road"},"geometry":{"type":"LineString","coordinates":[[-92.020469,34.252305],[-92.020043,34.251957]]}},{"type":"Feature","properties":{"highway":"service","service":"parking_aisle","osmId":"way/970262411","kind":"road"},"geometry":{"type":"LineString","coordinates":[[-92.023288,34.25257],[-92.022555,34.253146]]}},{"type":"Feature","properties":{"highway":"service","service":"parking_aisle","osmId":"way/970262412","kind":"road"},"geometry":{"type":"LineString","coordinates":[[-92.022412,34.253018],[-92.023063,34.252516]]}},{"type":"Feature","properties":{"highway":"service","service":"parking_aisle","osmId":"way/970262413","kind":"road"},"geometry":{"type":"LineString","coordinates":[[-92.022272,34.252887],[-92.022768,34.252468]]}},{"type":"Feature","properties":{"access":"private","highway":"service","osmId":"way/970285417","kind":"road"},"geometry":{"type":"LineString","coordinates":[[-92.017699,34.24891],[-92.017989,34.248902],[-92.018342,34.248892],[-92.018348,34.248655],[-92.018187,34.248644],[-92.018192,34.248559],[-92.017863,34.248556],[-92.017645,34.248554]]}},{"type":"Feature","properties":{"highway":"service","osmId":"way/970285418","kind":"road"},"geometry":{"type":"LineString","coordinates":[[-92.017528,34.246535],[-92.01789,34.246542],[-92.017896,34.246101]]}},{"type":"Feature","properties":{"access":"private","highway":"service","osmId":"way/970285419","kind":"road"},"geometry":{"type":"LineString","coordinates":[[-92.017723,34.247997],[-92.0179,34.247998],[-92.01843,34.248001],[-92.018439,34.247751],[-92.017912,34.247746],[-92.017765,34.247743]]}},{"type":"Feature","properties":{"highway":"service","osmId":"way/970285420","kind":"road"},"geometry":{"type":"LineString","coordinates":[[-92.017691,34.247063],[-92.018114,34.24707],[-92.018157,34.247032],[-92.018186,34.246989],[-92.018203,34.246713]]}},{"type":"Feature","properties":{"highway":"service","service":"driveway","osmId":"way/970322600","kind":"road"},"geometry":{"type":"LineString","coordinates":[[-92.028856,34.242839],[-92.028881,34.242075],[-92.028894,34.241678]]}},{"type":"Feature","properties":{"highway":"service","osmId":"way/974298786","kind":"road"},"geometry":{"type":"LineString","coordinates":[[-92.017818,34.240185],[-92.017789,34.240198],[-92.017769,34.240221],[-92.017757,34.240246],[-92.017755,34.240271],[-92.017764,34.240319],[-92.017783,34.240348],[-92.017839,34.240363],[-92.017896,34.24037],[-92.017972,34.240371],[-92.018115,34.240369],[-92.018277,34.240368],[-92.018444,34.240369],[-92.018525,34.240371],[-92.018585,34.240394]]}},{"type":"Feature","properties":{"hgv":"designated","hgv:national_network":"yes","highway":"primary","lanes":"4","name":"University Drive","ref":"US 79B","source:hgv:national_network":"Title 23: Highways Part 658 http://ecfr.gpoaccess.gov/cgi/t/text/text-idx?c=ecfr&rgn=div5&view=text&node=23:1.0.1.7.33&idno=23 and document from AHTD listing the FAP routes","tiger:cfcc":"A21","tiger:county":"Jefferson, AR","tiger:name_base":"University","tiger:name_base_1":"United States Highway 79","tiger:name_type":"Dr","tiger:zip_left":"71602","tiger:zip_right":"71601","osmId":"way/974298787","kind":"road"},"geometry":{"type":"LineString","coordinates":[[-92.019863,34.230021],[-92.019857,34.230714],[-92.019856,34.230984],[-92.019856,34.231144],[-92.01987,34.231515],[-92.019871,34.231537],[-92.019806,34.231758],[-92.019647,34.23209],[-92.019471,34.232411],[-92.019386,34.23278],[-92.019378,34.233356],[-92.019371,34.233849],[-92.019381,34.234894],[-92.01936,34.235963],[-92.019333,34.236801],[-92.019296,34.236983],[-92.019183,34.23724],[-92.018824,34.237714],[-92.018684,34.237994],[-92.018631,34.238233],[-92.018614,34.238424],[-92.018604,34.239298],[-92.0186,34.239902],[-92.018598,34.24005],[-92.018593,34.240192]]}},{"type":"Feature","properties":{"highway":"service","oneway":"yes","osmId":"way/974298788","kind":"road"},"geometry":{"type":"LineString","coordinates":[[-92.018593,34.240192],[-92.018056,34.24018],[-92.017989,34.240181],[-92.017914,34.240181],[-92.017818,34.240185]]}},{"type":"Feature","properties":{"highway":"unclassified","name":"Oliver Road","tiger:cfcc":"A41","tiger:county":"Jefferson, AR","tiger:name_base":"Oliver","tiger:name_type":"Rd","tiger:reviewed":"no","osmId":"way/1054214337","kind":"road"},"geometry":{"type":"LineString","coordinates":[[-92.027759,34.252111],[-92.026953,34.252166],[-92.025661,34.252191],[-92.024446,34.252215],[-92.02405,34.252223],[-92.023982,34.252224],[-92.023587,34.252231],[-92.02337,34.252219]]}},{"type":"Feature","properties":{"highway":"service","service":"parking_aisle","osmId":"way/1073348965","kind":"road"},"geometry":{"type":"LineString","coordinates":[[-92.022017,34.252668],[-92.022356,34.252404]]}},{"type":"Feature","properties":{"highway":"service","service":"parking_aisle","osmId":"way/1073348966","kind":"road"},"geometry":{"type":"LineString","coordinates":[[-92.021872,34.252546],[-92.022116,34.252368]]}},{"type":"Feature","properties":{"highway":"service","osmId":"way/1073348967","kind":"road"},"geometry":{"type":"LineString","coordinates":[[-92.020191,34.252747],[-92.020259,34.253335],[-92.021402,34.25426],[-92.02188,34.254269],[-92.022022,34.254218],[-92.02255,34.253783],[-92.022574,34.25371],[-92.022555,34.253146]]}},{"type":"Feature","properties":{"highway":"service","osmId":"way/1073348973","kind":"road"},"geometry":{"type":"LineString","coordinates":[[-92.025526,34.25269],[-92.025514,34.252431],[-92.025656,34.252282],[-92.025661,34.252191]]}},{"type":"Feature","properties":{"highway":"service","osmId":"way/1073348996","kind":"road"},"geometry":{"type":"LineString","coordinates":[[-92.026923,34.252721],[-92.027197,34.25273]]}},{"type":"Feature","properties":{"highway":"service","osmId":"way/1073348997","kind":"road"},"geometry":{"type":"LineString","coordinates":[[-92.027197,34.25273],[-92.0272,34.252506],[-92.027639,34.252512],[-92.027625,34.252935],[-92.027237,34.252919],[-92.027197,34.25273]]}},{"type":"Feature","properties":{"highway":"service","osmId":"way/1073348998","kind":"road"},"geometry":{"type":"LineString","coordinates":[[-92.027237,34.252919],[-92.027165,34.25306],[-92.026908,34.253012]]}},{"type":"Feature","properties":{"highway":"service","surface":"unpaved","osmId":"way/1073348999","kind":"road"},"geometry":{"type":"LineString","coordinates":[[-92.027165,34.25306],[-92.027552,34.253149],[-92.027777,34.253157],[-92.027835,34.253049],[-92.02791,34.253018],[-92.028026,34.25301],[-92.028087,34.252983],[-92.02812,34.252908],[-92.028174,34.252537],[-92.028246,34.2523],[-92.02822,34.252221],[-92.028117,34.252163],[-92.027759,34.252111]]}},{"type":"Feature","properties":{"highway":"service","service":"parking_aisle","osmId":"way/1073352263","kind":"road"},"geometry":{"type":"LineString","coordinates":[[-92.022535,34.24885],[-92.022697,34.248852],[-92.022895,34.248854],[-92.023125,34.248856]]}},{"type":"Feature","properties":{"highway":"service","service":"parking_aisle","osmId":"way/1073352264","kind":"road"},"geometry":{"type":"LineString","coordinates":[[-92.022685,34.249429],[-92.022697,34.248852]]}},{"type":"Feature","properties":{"highway":"service","service":"parking_aisle","osmId":"way/1073352265","kind":"road"},"geometry":{"type":"LineString","coordinates":[[-92.022883,34.249431],[-92.022895,34.248854]]}},{"type":"Feature","properties":{"highway":"service","service":"parking_aisle","osmId":"way/1073352266","kind":"road"},"geometry":{"type":"LineString","coordinates":[[-92.022782,34.248718],[-92.0228,34.247911],[-92.023407,34.24792]]}},{"type":"Feature","properties":{"highway":"service","osmId":"way/1073352270","kind":"road"},"geometry":{"type":"LineString","coordinates":[[-92.021326,34.248269],[-92.021334,34.248122],[-92.021382,34.247973],[-92.021483,34.247841],[-92.021606,34.24778]]}},{"type":"Feature","properties":{"highway":"service","service":"parking_aisle","osmId":"way/1073352271","kind":"road"},"geometry":{"type":"LineString","coordinates":[[-92.024423,34.247071],[-92.024428,34.246878],[-92.023849,34.246868],[-92.023844,34.247056]]}},{"type":"Feature","properties":{"highway":"service","service":"parking_aisle","osmId":"way/1073352272","kind":"road"},"geometry":{"type":"LineString","coordinates":[[-92.023849,34.246868],[-92.023832,34.246575],[-92.023609,34.246584]]}},{"type":"Feature","properties":{"highway":"service","service":"parking_aisle","osmId":"way/1073352273","kind":"road"},"geometry":{"type":"LineString","coordinates":[[-92.023832,34.246575],[-92.024097,34.246523],[-92.024093,34.246327]]}},{"type":"Feature","properties":{"highway":"service","osmId":"way/1073352274","kind":"road"},"geometry":{"type":"LineString","coordinates":[[-92.023844,34.247056],[-92.023846,34.247184],[-92.023831,34.247229],[-92.023527,34.247436],[-92.023415,34.247441]]}},{"type":"Feature","properties":{"highway":"residential","name":"Uapb Farm Road","tiger:cfcc":"A41","tiger:county":"Jefferson, AR","tiger:name_base":"Uapb Farm","tiger:name_type":"Rd","tiger:reviewed":"no","tiger:zip_left":"71601","tiger:zip_right":"71601","osmId":"way/1168178661","kind":"road"},"geometry":{"type":"LineString","coordinates":[[-92.025845,34.254164],[-92.025795,34.25422],[-92.025692,34.254475]]}},{"type":"Feature","properties":{"bridge":"yes","highway":"residential","layer":"1","name":"Uapb Farm Road","tiger:cfcc":"A41","tiger:county":"Jefferson, AR","tiger:name_base":"Uapb Farm","tiger:name_type":"Rd","tiger:reviewed":"no","tiger:zip_left":"71601","tiger:zip_right":"71601","osmId":"way/1168178662","kind":"road"},"geometry":{"type":"LineString","coordinates":[[-92.025692,34.254475],[-92.02565,34.254578]]}},{"type":"Feature","properties":{"hgv":"designated","hgv:national_network":"yes","highway":"primary","lanes":"4","name":"University Drive","ref":"US 79B","source:hgv:national_network":"Title 23: Highways Part 658 http://ecfr.gpoaccess.gov/cgi/t/text/text-idx?c=ecfr&rgn=div5&view=text&node=23:1.0.1.7.33&idno=23 and document from AHTD listing the FAP routes","tiger:cfcc":"A21","tiger:county":"Jefferson, AR","tiger:name_base":"University","tiger:name_base_1":"United States Highway 79","tiger:name_type":"Dr","tiger:zip_left":"71602","tiger:zip_right":"71601","osmId":"way/1168178663","kind":"road"},"geometry":{"type":"LineString","coordinates":[[-92.016756,34.253152],[-92.016652,34.253273],[-92.016294,34.253725],[-92.015977,34.254116],[-92.015615,34.254544],[-92.015468,34.25469],[-92.014858,34.255166],[-92.014734,34.255255],[-92.014256,34.255574],[-92.013869,34.255833],[-92.013546,34.256047],[-92.013429,34.256127],[-92.01284,34.256509],[-92.012469,34.256744],[-92.012083,34.256937],[-92.010972,34.257429]]}},{"type":"Feature","properties":{"bridge":"yes","hgv":"designated","hgv:national_network":"yes","highway":"primary","lanes":"4","layer":"1","name":"University Drive","ref":"US 79B","source:hgv:national_network":"Title 23: Highways Part 658 http://ecfr.gpoaccess.gov/cgi/t/text/text-idx?c=ecfr&rgn=div5&view=text&node=23:1.0.1.7.33&idno=23 and document from AHTD listing the FAP routes","tiger:cfcc":"A21","tiger:county":"Jefferson, AR","tiger:name_base":"University","tiger:name_base_1":"United States Highway 79","tiger:name_type":"Dr","tiger:zip_left":"71602","tiger:zip_right":"71601","osmId":"way/1168178664","kind":"road"},"geometry":{"type":"LineString","coordinates":[[-92.016898,34.252967],[-92.016756,34.253152]]}},{"type":"Feature","properties":{"crossing":"uncontrolled","crossing:markings":"zebra","footway":"crossing","highway":"footway","horse":"no","surface":"asphalt","osmId":"way/1168178665","kind":"path"},"geometry":{"type":"LineString","coordinates":[[-92.019411,34.24455],[-92.019401,34.244597],[-92.019394,34.244632]]}},{"type":"Feature","properties":{"footway":"sidewalk","highway":"footway","horse":"no","surface":"concrete","osmId":"way/1168178666","kind":"path"},"geometry":{"type":"LineString","coordinates":[[-92.019411,34.24455],[-92.019415,34.244534]]}},{"type":"Feature","properties":{"highway":"service","osmId":"way/1168178667","kind":"road"},"geometry":{"type":"LineString","coordinates":[[-92.01889,34.253279],[-92.019043,34.252913]]}},{"type":"Feature","properties":{"bridge":"yes","highway":"service","layer":"1","surface":"concrete","osmId":"way/1168178668","kind":"road"},"geometry":{"type":"LineString","coordinates":[[-92.018795,34.253532],[-92.01889,34.253279]]}},{"type":"Feature","properties":{"highway":"tertiary","name":"North Spruce Street","tiger:cfcc":"A41","tiger:county":"Jefferson, AR","tiger:name_base":"Spruce","tiger:name_direction_prefix":"N","tiger:name_type":"St","tiger:reviewed":"no","tiger:zip_left":"71601","tiger:zip_right":"71601","osmId":"way/1190793322","kind":"road"},"geometry":{"type":"LineString","coordinates":[[-92.023368,34.25136],[-92.023367,34.25201],[-92.02337,34.252219]]}},{"type":"Feature","properties":{"footway":"sidewalk","highway":"footway","osmId":"way/1464010163","kind":"path"},"geometry":{"type":"LineString","coordinates":[[-92.018369,34.243483],[-92.018381,34.243449],[-92.018369,34.243432],[-92.018369,34.243407],[-92.018389,34.243353],[-92.01849,34.243058],[-92.018533,34.242925],[-92.018552,34.242834],[-92.01859,34.24269],[-92.018619,34.242517],[-92.018657,34.24226],[-92.01869,34.241888],[-92.018695,34.241782],[-92.018722,34.241637],[-92.018725,34.241519],[-92.018704,34.241407],[-92.018698,34.241191],[-92.018713,34.241164],[-92.018734,34.241151],[-92.018815,34.241143],[-92.018935,34.24114]]}},{"type":"Feature","properties":{"crossing":"unmarked","crossing:markings":"no","footway":"crossing","highway":"footway","osmId":"way/1464010164","kind":"path"},"geometry":{"type":"LineString","coordinates":[[-92.018369,34.243483],[-92.018352,34.243543],[-92.01834,34.243584]]}},{"type":"Feature","properties":{"footway":"sidewalk","highway":"footway","osmId":"way/1464010165","kind":"path"},"geometry":{"type":"LineString","coordinates":[[-92.01834,34.243584],[-92.01834,34.243597]]}},{"type":"Feature","properties":{"amenity":"parking","osmId":"way/624144268","kind":"parking"},"geometry":{"type":"Polygon","coordinates":[[[-92.032415,34.239277],[-92.032149,34.239267],[-92.032147,34.238822],[-92.032482,34.238832],[-92.032415,34.239277]]]}},{"type":"Feature","properties":{"amenity":"parking","osmId":"way/670782852","kind":"parking"},"geometry":{"type":"Polygon","coordinates":[[[-92.018799,34.253039],[-92.018298,34.253006],[-92.018011,34.252962],[-92.01756,34.252758],[-92.01767,34.252614],[-92.017431,34.252521],[-92.017836,34.251691],[-92.01786,34.25166],[-92.019207,34.251787],[-92.019617,34.251831],[-92.020666,34.252053],[-92.020886,34.252099],[-92.020988,34.252212],[-92.02025,34.252822],[-92.02025,34.252937],[-92.019043,34.252913],[-92.01896,34.252911],[-92.018818,34.252782],[-92.018799,34.253039]]]}},{"type":"Feature","properties":{"amenity":"parking","osmId":"way/818591159","kind":"parking"},"geometry":{"type":"Polygon","coordinates":[[[-92.019414,34.244521],[-92.018747,34.244508],[-92.018745,34.244448],[-92.018639,34.244444],[-92.018634,34.244265],[-92.018581,34.244265],[-92.018581,34.244231],[-92.019467,34.244247],[-92.019462,34.244307],[-92.019431,34.24434],[-92.019455,34.244342],[-92.019455,34.244399],[-92.019414,34.244521]]]}},{"type":"Feature","properties":{"amenity":"parking","osmId":"way/818591160","kind":"parking"},"geometry":{"type":"Polygon","coordinates":[[[-92.020492,34.244251],[-92.020504,34.24455],[-92.020557,34.24455],[-92.022302,34.244554],[-92.022306,34.244286],[-92.020988,34.244279],[-92.020945,34.244277],[-92.020629,34.244262],[-92.020492,34.244251]]]}},{"type":"Feature","properties":{"amenity":"parking","osmId":"way/818591161","kind":"parking"},"geometry":{"type":"Polygon","coordinates":[[[-92.023075,34.244138],[-92.022648,34.244138],[-92.022645,34.243757],[-92.022736,34.24376],[-92.02274,34.243339],[-92.023094,34.243341],[-92.023075,34.244138]]]}},{"type":"Feature","properties":{"amenity":"parking","osmId":"way/818591162","kind":"parking"},"geometry":{"type":"Polygon","coordinates":[[[-92.023627,34.243722],[-92.023637,34.243774],[-92.023673,34.243848],[-92.023684,34.243915],[-92.023623,34.243923],[-92.023668,34.243986],[-92.023772,34.243957],[-92.024005,34.243956],[-92.024005,34.243909],[-92.023976,34.243906],[-92.023973,34.243836],[-92.023852,34.243839],[-92.023843,34.243762],[-92.023979,34.243763],[-92.023962,34.243628],[-92.023962,34.243586],[-92.023626,34.243595],[-92.02363,34.243661],[-92.023574,34.243665],[-92.023587,34.243727],[-92.023627,34.243722]]]}},{"type":"Feature","properties":{"amenity":"parking","osmId":"way/818591163","kind":"parking"},"geometry":{"type":"Polygon","coordinates":[[[-92.023967,34.244333],[-92.023822,34.244373],[-92.023799,34.244281],[-92.023949,34.244264],[-92.023967,34.244333]]]}},{"type":"Feature","properties":{"amenity":"parking","osmId":"way/818591164","kind":"parking"},"geometry":{"type":"Polygon","coordinates":[[[-92.023137,34.242445],[-92.023152,34.24178],[-92.022582,34.241776],[-92.022582,34.241812],[-92.022566,34.242415],[-92.02217,34.24242],[-92.022163,34.242524],[-92.023137,34.242535],[-92.023137,34.242445]]]}},{"type":"Feature","properties":{"amenity":"parking","osmId":"way/818591165","kind":"parking"},"geometry":{"type":"Polygon","coordinates":[[[-92.021662,34.241925],[-92.021371,34.241924],[-92.021366,34.241689],[-92.021486,34.241686],[-92.021486,34.241624],[-92.021669,34.241626],[-92.021662,34.241925]]]}},{"type":"Feature","properties":{"amenity":"parking","osmId":"way/818591166","kind":"parking"},"geometry":{"type":"Polygon","coordinates":[[[-92.022522,34.241061],[-92.021691,34.241061],[-92.021533,34.24112],[-92.020496,34.241099],[-92.020491,34.240942],[-92.020749,34.240946],[-92.020955,34.240948],[-92.021529,34.240956],[-92.02153,34.240837],[-92.021533,34.240453],[-92.021783,34.240459],[-92.021774,34.240748],[-92.022118,34.240748],[-92.022187,34.240828],[-92.022192,34.240939],[-92.022395,34.24094],[-92.022398,34.241002],[-92.022516,34.241005],[-92.022522,34.241061]]]}},{"type":"Feature","properties":{"amenity":"parking","osmId":"way/818591167","kind":"parking"},"geometry":{"type":"Polygon","coordinates":[[[-92.019126,34.240659],[-92.019182,34.240679],[-92.019329,34.240491],[-92.019261,34.240457],[-92.019126,34.240659]]]}},{"type":"Feature","properties":{"amenity":"parking","osmId":"way/818591168","kind":"parking"},"geometry":{"type":"Polygon","coordinates":[[[-92.019082,34.24028],[-92.018779,34.240249],[-92.018768,34.239823],[-92.018807,34.239671],[-92.018876,34.239573],[-92.018948,34.23952],[-92.01901,34.239493],[-92.019013,34.239422],[-92.019197,34.239424],[-92.019197,34.239478],[-92.019362,34.239487],[-92.019362,34.239436],[-92.019463,34.239436],[-92.019461,34.239508],[-92.019528,34.239508],[-92.019521,34.239804],[-92.01916,34.239799],[-92.019163,34.239617],[-92.019105,34.239619],[-92.019045,34.23964],[-92.018992,34.23968],[-92.018957,34.239736],[-92.018892,34.239737],[-92.018892,34.239858],[-92.018966,34.239858],[-92.018966,34.239804],[-92.019075,34.239804],[-92.019077,34.23998],[-92.018885,34.239984],[-92.018884,34.239925],[-92.018848,34.239926],[-92.018862,34.240164],[-92.019087,34.24016],[-92.019082,34.24028]]]}},{"type":"Feature","properties":{"amenity":"parking","osmId":"way/818591169","kind":"parking"},"geometry":{"type":"Polygon","coordinates":[[[-92.020162,34.243535],[-92.020162,34.243513],[-92.0201,34.243513],[-92.020102,34.243283],[-92.020543,34.243287],[-92.020549,34.243428],[-92.020162,34.243535]]]}},{"type":"Feature","properties":{"amenity":"parking","osmId":"way/818591170","kind":"parking"},"geometry":{"type":"Polygon","coordinates":[[[-92.021601,34.242951],[-92.021344,34.242945],[-92.021363,34.242588],[-92.02152,34.24259],[-92.021612,34.242591],[-92.021601,34.242951]]]}},{"type":"Feature","properties":{"amenity":"parking","osmId":"way/818591171","kind":"parking"},"geometry":{"type":"Polygon","coordinates":[[[-92.021539,34.243212],[-92.021484,34.243255],[-92.021393,34.243275],[-92.021335,34.243275],[-92.021348,34.242992],[-92.021552,34.242995],[-92.021539,34.243212]]]}},{"type":"Feature","properties":{"amenity":"parking","osmId":"way/818591172","kind":"parking"},"geometry":{"type":"Polygon","coordinates":[[[-92.021798,34.244191],[-92.021601,34.244188],[-92.021603,34.244034],[-92.021628,34.24353],[-92.021706,34.243492],[-92.021669,34.243953],[-92.021671,34.244033],[-92.021797,34.244041],[-92.021798,34.244191]]]}},{"type":"Feature","properties":{"amenity":"parking","parking":"surface","osmId":"way/818591173","kind":"parking"},"geometry":{"type":"Polygon","coordinates":[[[-92.022701,34.244704],[-92.022725,34.24474],[-92.022567,34.244807],[-92.022533,34.244988],[-92.022436,34.245002],[-92.02227,34.244976],[-92.022109,34.245008],[-92.022107,34.24509],[-92.02216,34.24509],[-92.022156,34.245165],[-92.022112,34.245165],[-92.0221,34.245261],[-92.022185,34.245261],[-92.02217,34.245376],[-92.021893,34.245378],[-92.021893,34.24533],[-92.021784,34.245328],[-92.021756,34.245328],[-92.021759,34.245],[-92.021333,34.24499],[-92.021323,34.24536],[-92.019568,34.245338],[-92.019578,34.244953],[-92.019435,34.244994],[-92.019101,34.244986],[-92.018984,34.244796],[-92.018984,34.244652],[-92.020364,34.244678],[-92.020367,34.24476],[-92.020449,34.244762],[-92.020447,34.245104],[-92.020927,34.24511],[-92.020939,34.24473],[-92.021146,34.244734],[-92.021143,34.244897],[-92.021404,34.244903],[-92.021411,34.244811],[-92.021345,34.244811],[-92.021345,34.244732],[-92.021406,34.244736],[-92.021654,34.244736],[-92.02172,34.244738],[-92.02172,34.244917],[-92.021898,34.244917],[-92.0219,34.244752],[-92.021995,34.24475],[-92.021995,34.244704],[-92.022348,34.244708],[-92.02264,34.244593],[-92.022677,34.24466],[-92.022682,34.244669],[-92.022701,34.244704]]]}},{"type":"Feature","properties":{"amenity":"parking","osmId":"way/818600626","kind":"parking"},"geometry":{"type":"Polygon","coordinates":[[[-92.025319,34.246161],[-92.025356,34.246169],[-92.025411,34.246129],[-92.0254,34.246096],[-92.025431,34.246067],[-92.024632,34.24537],[-92.024601,34.245395],[-92.024555,34.245395],[-92.024388,34.245257],[-92.024388,34.245219],[-92.024408,34.245197],[-92.023944,34.2448],[-92.023622,34.245059],[-92.024081,34.245422],[-92.02412,34.245398],[-92.024287,34.245266],[-92.024546,34.245513],[-92.024509,34.24554],[-92.025277,34.246192],[-92.025319,34.246161]]]}},{"type":"Feature","properties":{"amenity":"parking","osmId":"way/818600632","kind":"parking"},"geometry":{"type":"Polygon","coordinates":[[[-92.023295,34.247342],[-92.023311,34.247048],[-92.02323,34.246978],[-92.022322,34.246978],[-92.02233,34.247756],[-92.02322,34.247767],[-92.023228,34.247409],[-92.023295,34.247342]]]}},{"type":"Feature","properties":{"amenity":"parking","osmId":"way/818600638","kind":"parking"},"geometry":{"type":"Polygon","coordinates":[[[-92.023227,34.249538],[-92.02245,34.249529],[-92.022447,34.248839],[-92.02263,34.248841],[-92.02263,34.248789],[-92.023183,34.248789],[-92.023183,34.248839],[-92.023238,34.248841],[-92.023227,34.249538]]]}},{"type":"Feature","properties":{"amenity":"parking","osmId":"way/1073348964","kind":"parking"},"geometry":{"type":"Polygon","coordinates":[[[-92.022842,34.253205],[-92.023368,34.252783],[-92.023376,34.252513],[-92.021853,34.252296],[-92.021646,34.252446],[-92.022606,34.253251],[-92.022679,34.253262],[-92.022746,34.253233],[-92.02281,34.253189],[-92.022842,34.253205]]]}},{"type":"Feature","properties":{"amenity":"parking","osmId":"way/1073348995","kind":"parking"},"geometry":{"type":"Polygon","coordinates":[[[-92.027327,34.252902],[-92.027344,34.252538],[-92.027344,34.252478],[-92.027095,34.252472],[-92.027079,34.252896],[-92.027327,34.252902]]]}},{"type":"Feature","properties":{"amenity":"parking","osmId":"way/1073350431","kind":"parking"},"geometry":{"type":"Polygon","coordinates":[[[-92.024239,34.251575],[-92.024304,34.251575],[-92.024307,34.251515],[-92.024307,34.251477],[-92.024455,34.251478],[-92.024452,34.251811],[-92.024238,34.25181],[-92.024239,34.251575]]]}},{"type":"Feature","properties":{"amenity":"parking","osmId":"way/1073350432","kind":"parking"},"geometry":{"type":"Polygon","coordinates":[[[-92.024271,34.252084],[-92.024267,34.251917],[-92.023689,34.251917],[-92.023595,34.252042],[-92.023594,34.252092],[-92.024271,34.252084]]]}},{"type":"Feature","properties":{"amenity":"parking","osmId":"way/1073350459","kind":"parking"},"geometry":{"type":"Polygon","coordinates":[[[-92.022436,34.251705],[-92.022433,34.251536],[-92.022796,34.251531],[-92.022799,34.251701],[-92.022436,34.251705]]]}},{"type":"Feature","properties":{"amenity":"parking","osmId":"way/1073350460","kind":"parking"},"geometry":{"type":"Polygon","coordinates":[[[-92.022986,34.251863],[-92.022994,34.251041],[-92.022851,34.25104],[-92.022842,34.251862],[-92.022986,34.251863]]]}},{"type":"Feature","properties":{"amenity":"parking","osmId":"way/1073350461","kind":"parking"},"geometry":{"type":"Polygon","coordinates":[[[-92.022236,34.251007],[-92.022113,34.25087],[-92.022498,34.250634],[-92.022621,34.250772],[-92.022236,34.251007]]]}},{"type":"Feature","properties":{"amenity":"parking","osmId":"way/1073350462","kind":"parking"},"geometry":{"type":"Polygon","coordinates":[[[-92.02301,34.250418],[-92.022742,34.250121],[-92.022582,34.25022],[-92.022851,34.250517],[-92.02301,34.250418]]]}},{"type":"Feature","properties":{"amenity":"parking","osmId":"way/1073350463","kind":"parking"},"geometry":{"type":"Polygon","coordinates":[[[-92.022269,34.250431],[-92.022191,34.25034],[-92.021947,34.250483],[-92.022025,34.250575],[-92.022269,34.250431]]]}},{"type":"Feature","properties":{"amenity":"parking","osmId":"way/1073350464","kind":"parking"},"geometry":{"type":"Polygon","coordinates":[[[-92.0226,34.249962],[-92.022294,34.249798],[-92.021825,34.249771],[-92.021505,34.249894],[-92.021255,34.250211],[-92.021444,34.250284],[-92.021647,34.249998],[-92.021816,34.249941],[-92.022131,34.249946],[-92.022135,34.249892],[-92.022196,34.249904],[-92.0225,34.250056],[-92.0226,34.249962]]]}},{"type":"Feature","properties":{"amenity":"parking","osmId":"way/1073350465","kind":"parking"},"geometry":{"type":"Polygon","coordinates":[[[-92.021436,34.251551],[-92.021444,34.25139],[-92.021838,34.251403],[-92.02183,34.251564],[-92.021436,34.251551]]]}},{"type":"Feature","properties":{"amenity":"parking","osmId":"way/1073350466","kind":"parking"},"geometry":{"type":"Polygon","coordinates":[[[-92.021227,34.251629],[-92.021283,34.250778],[-92.021213,34.250539],[-92.021442,34.250495],[-92.021507,34.250705],[-92.021484,34.251056],[-92.021414,34.251054],[-92.021379,34.251643],[-92.021227,34.251629]]]}},{"type":"Feature","properties":{"amenity":"parking","osmId":"way/1073352268","kind":"parking"},"geometry":{"type":"Polygon","coordinates":[[[-92.022689,34.248613],[-92.022692,34.247878],[-92.022891,34.247878],[-92.022889,34.248167],[-92.022829,34.248166],[-92.022828,34.248433],[-92.022888,34.248434],[-92.022887,34.248613],[-92.022689,34.248613]]]}},{"type":"Feature","properties":{"amenity":"parking","osmId":"way/1073352275","kind":"parking"},"geometry":{"type":"Polygon","coordinates":[[[-92.023592,34.247162],[-92.023481,34.247096],[-92.023516,34.246633],[-92.023678,34.246456],[-92.023981,34.246457],[-92.023982,34.246292],[-92.024236,34.246293],[-92.024299,34.24635],[-92.024298,34.246456],[-92.024386,34.246457],[-92.024384,34.246582],[-92.024295,34.246581],[-92.024294,34.246654],[-92.023967,34.246651],[-92.023966,34.246781],[-92.024476,34.246785],[-92.024476,34.246838],[-92.024549,34.246838],[-92.024545,34.24717],[-92.023592,34.247162]]]}}]}